"Scenario_ID","Split","Vehicle_File","Signal_File"
"train_day_0001","train","data/train/vehicles/train_day_0001.csv","data/train/signals/train_day_0001.json"
"train_day_0002","train","data/train/vehicles/train_day_0002.csv","data/train/signals/train_day_0002.json"
"train_day_0003","train","data/train/vehicles/train_day_0003.csv","data/train/signals/train_day_0003.json"
"train_day_0004","train","data/train/vehicles/train_day_0004.csv","data/train/signals/train_day_0004.json"
"train_day_0005","train","data/train/vehicles/train_day_0005.csv","data/train/signals/train_day_0005.json"
"train_day_0006","train","data/train/vehicles/train_day_0006.csv","data/train/signals/train_day_0006.json"
"train_day_0007","train","data/train/vehicles/train_day_0007.csv","data/train/signals/train_day_0007.json"
"train_day_0008","train","data/train/vehicles/train_day_0008.csv","data/train/signals/train_day_0008.json"
"train_day_0009","train","data/train/vehicles/train_day_0009.csv","data/train/signals/train_day_0009.json"
"train_day_0010","train","data/train/vehicles/train_day_0010.csv","data/train/signals/train_day_0010.json"
"train_day_0011","train","data/train/vehicles/train_day_0011.csv","data/train/signals/train_day_0011.json"
"train_day_0012","train","data/train/vehicles/train_day_0012.csv","data/train/signals/train_day_0012.json"
"train_day_0013","train","data/train/vehicles/train_day_0013.csv","data/train/signals/train_day_0013.json"
"train_day_0014","train","data/train/vehicles/train_day_0014.csv","data/train/signals/train_day_0014.json"
"train_day_0015","train","data/train/vehicles/train_day_0015.csv","data/train/signals/train_day_0015.json"
"train_day_0016","train","data/train/vehicles/train_day_0016.csv","data/train/signals/train_day_0016.json"
"train_day_0017","train","data/train/vehicles/train_day_0017.csv","data/train/signals/train_day_0017.json"
"train_day_0018","train","data/train/vehicles/train_day_0018.csv","data/train/signals/train_day_0018.json"
"train_day_0019","train","data/train/vehicles/train_day_0019.csv","data/train/signals/train_day_0019.json"
"train_day_0020","train","data/train/vehicles/train_day_0020.csv","data/train/signals/train_day_0020.json"
"train_day_0021","train","data/train/vehicles/train_day_0021.csv","data/train/signals/train_day_0021.json"
"train_day_0022","train","data/train/vehicles/train_day_0022.csv","data/train/signals/train_day_0022.json"
"train_day_0023","train","data/train/vehicles/train_day_0023.csv","data/train/signals/train_day_0023.json"
"train_day_0024","train","data/train/vehicles/train_day_0024.csv","data/train/signals/train_day_0024.json"
"train_day_0025","train","data/train/vehicles/train_day_0025.csv","data/train/signals/train_day_0025.json"
"train_day_0026","train","data/train/vehicles/train_day_0026.csv","data/train/signals/train_day_0026.json"
"train_day_0027","train","data/train/vehicles/train_day_0027.csv","data/train/signals/train_day_0027.json"
"train_day_0028","train","data/train/vehicles/train_day_0028.csv","data/train/signals/train_day_0028.json"
"train_day_0029","train","data/train/vehicles/train_day_0029.csv","data/train/signals/train_day_0029.json"
"train_day_0030","train","data/train/vehicles/train_day_0030.csv","data/train/signals/train_day_0030.json"
"train_day_0031","train","data/train/vehicles/train_day_0031.csv","data/train/signals/train_day_0031.json"
"train_day_0032","train","data/train/vehicles/train_day_0032.csv","data/train/signals/train_day_0032.json"
"train_day_0033","train","data/train/vehicles/train_day_0033.csv","data/train/signals/train_day_0033.json"
"train_day_0034","train","data/train/vehicles/train_day_0034.csv","data/train/signals/train_day_0034.json"
"train_day_0035","train","data/train/vehicles/train_day_0035.csv","data/train/signals/train_day_0035.json"
"train_day_0036","train","data/train/vehicles/train_day_0036.csv","data/train/signals/train_day_0036.json"
"train_day_0037","train","data/train/vehicles/train_day_0037.csv","data/train/signals/train_day_0037.json"
"train_day_0038","train","data/train/vehicles/train_day_0038.csv","data/train/signals/train_day_0038.json"
"train_day_0039","train","data/train/vehicles/train_day_0039.csv","data/train/signals/train_day_0039.json"
"train_day_0040","train","data/train/vehicles/train_day_0040.csv","data/train/signals/train_day_0040.json"
"train_day_0041","train","data/train/vehicles/train_day_0041.csv","data/train/signals/train_day_0041.json"
"train_day_0042","train","data/train/vehicles/train_day_0042.csv","data/train/signals/train_day_0042.json"
"train_day_0043","train","data/train/vehicles/train_day_0043.csv","data/train/signals/train_day_0043.json"
"train_day_0044","train","data/train/vehicles/train_day_0044.csv","data/train/signals/train_day_0044.json"
"train_day_0045","train","data/train/vehicles/train_day_0045.csv","data/train/signals/train_day_0045.json"
"train_day_0046","train","data/train/vehicles/train_day_0046.csv","data/train/signals/train_day_0046.json"
"train_day_0047","train","data/train/vehicles/train_day_0047.csv","data/train/signals/train_day_0047.json"
"train_day_0048","train","data/train/vehicles/train_day_0048.csv","data/train/signals/train_day_0048.json"
"train_day_0049","train","data/train/vehicles/train_day_0049.csv","data/train/signals/train_day_0049.json"
"train_day_0050","train","data/train/vehicles/train_day_0050.csv","data/train/signals/train_day_0050.json"
"train_day_0051","train","data/train/vehicles/train_day_0051.csv","data/train/signals/train_day_0051.json"
"train_day_0052","train","data/train/vehicles/train_day_0052.csv","data/train/signals/train_day_0052.json"
"train_day_0053","train","data/train/vehicles/train_day_0053.csv","data/train/signals/train_day_0053.json"
"train_day_0054","train","data/train/vehicles/train_day_0054.csv","data/train/signals/train_day_0054.json"
"train_day_0055","train","data/train/vehicles/train_day_0055.csv","data/train/signals/train_day_0055.json"
"train_day_0056","train","data/train/vehicles/train_day_0056.csv","data/train/signals/train_day_0056.json"
"train_day_0057","train","data/train/vehicles/train_day_0057.csv","data/train/signals/train_day_0057.json"
"train_day_0058","train","data/train/vehicles/train_day_0058.csv","data/train/signals/train_day_0058.json"
"train_day_0059","train","data/train/vehicles/train_day_0059.csv","data/train/signals/train_day_0059.json"
"train_day_0060","train","data/train/vehicles/train_day_0060.csv","data/train/signals/train_day_0060.json"
"train_day_0061","train","data/train/vehicles/train_day_0061.csv","data/train/signals/train_day_0061.json"
"train_day_0062","train","data/train/vehicles/train_day_0062.csv","data/train/signals/train_day_0062.json"
"train_day_0063","train","data/train/vehicles/train_day_0063.csv","data/train/signals/train_day_0063.json"
"train_day_0064","train","data/train/vehicles/train_day_0064.csv","data/train/signals/train_day_0064.json"
"train_day_0065","train","data/train/vehicles/train_day_0065.csv","data/train/signals/train_day_0065.json"
"train_day_0066","train","data/train/vehicles/train_day_0066.csv","data/train/signals/train_day_0066.json"
"train_day_0067","train","data/train/vehicles/train_day_0067.csv","data/train/signals/train_day_0067.json"
"train_day_0068","train","data/train/vehicles/train_day_0068.csv","data/train/signals/train_day_0068.json"
"train_day_0069","train","data/train/vehicles/train_day_0069.csv","data/train/signals/train_day_0069.json"
"train_day_0070","train","data/train/vehicles/train_day_0070.csv","data/train/signals/train_day_0070.json"
"train_day_0071","train","data/train/vehicles/train_day_0071.csv","data/train/signals/train_day_0071.json"
"train_day_0072","train","data/train/vehicles/train_day_0072.csv","data/train/signals/train_day_0072.json"
"train_day_0073","train","data/train/vehicles/train_day_0073.csv","data/train/signals/train_day_0073.json"
"train_day_0074","train","data/train/vehicles/train_day_0074.csv","data/train/signals/train_day_0074.json"
"train_day_0075","train","data/train/vehicles/train_day_0075.csv","data/train/signals/train_day_0075.json"
"train_day_0076","train","data/train/vehicles/train_day_0076.csv","data/train/signals/train_day_0076.json"
"train_day_0077","train","data/train/vehicles/train_day_0077.csv","data/train/signals/train_day_0077.json"
"train_day_0078","train","data/train/vehicles/train_day_0078.csv","data/train/signals/train_day_0078.json"
"train_day_0079","train","data/train/vehicles/train_day_0079.csv","data/train/signals/train_day_0079.json"
"train_day_0080","train","data/train/vehicles/train_day_0080.csv","data/train/signals/train_day_0080.json"
"train_day_0081","train","data/train/vehicles/train_day_0081.csv","data/train/signals/train_day_0081.json"
"train_day_0082","train","data/train/vehicles/train_day_0082.csv","data/train/signals/train_day_0082.json"
"train_day_0083","train","data/train/vehicles/train_day_0083.csv","data/train/signals/train_day_0083.json"
"train_day_0084","train","data/train/vehicles/train_day_0084.csv","data/train/signals/train_day_0084.json"
"train_day_0085","train","data/train/vehicles/train_day_0085.csv","data/train/signals/train_day_0085.json"
"train_day_0086","train","data/train/vehicles/train_day_0086.csv","data/train/signals/train_day_0086.json"
"train_day_0087","train","data/train/vehicles/train_day_0087.csv","data/train/signals/train_day_0087.json"
"train_day_0088","train","data/train/vehicles/train_day_0088.csv","data/train/signals/train_day_0088.json"
"train_day_0089","train","data/train/vehicles/train_day_0089.csv","data/train/signals/train_day_0089.json"
"train_day_0090","train","data/train/vehicles/train_day_0090.csv","data/train/signals/train_day_0090.json"
"train_day_0091","train","data/train/vehicles/train_day_0091.csv","data/train/signals/train_day_0091.json"
"train_day_0092","train","data/train/vehicles/train_day_0092.csv","data/train/signals/train_day_0092.json"
"train_day_0093","train","data/train/vehicles/train_day_0093.csv","data/train/signals/train_day_0093.json"
"train_day_0094","train","data/train/vehicles/train_day_0094.csv","data/train/signals/train_day_0094.json"
"train_day_0095","train","data/train/vehicles/train_day_0095.csv","data/train/signals/train_day_0095.json"
"train_day_0096","train","data/train/vehicles/train_day_0096.csv","data/train/signals/train_day_0096.json"
"train_day_0097","train","data/train/vehicles/train_day_0097.csv","data/train/signals/train_day_0097.json"
"train_day_0098","train","data/train/vehicles/train_day_0098.csv","data/train/signals/train_day_0098.json"
"train_day_0099","train","data/train/vehicles/train_day_0099.csv","data/train/signals/train_day_0099.json"
"train_day_0100","train","data/train/vehicles/train_day_0100.csv","data/train/signals/train_day_0100.json"
"train_day_0101","train","data/train/vehicles/train_day_0101.csv","data/train/signals/train_day_0101.json"
"train_day_0102","train","data/train/vehicles/train_day_0102.csv","data/train/signals/train_day_0102.json"
"train_day_0103","train","data/train/vehicles/train_day_0103.csv","data/train/signals/train_day_0103.json"
"train_day_0104","train","data/train/vehicles/train_day_0104.csv","data/train/signals/train_day_0104.json"
"train_day_0105","train","data/train/vehicles/train_day_0105.csv","data/train/signals/train_day_0105.json"
"train_day_0106","train","data/train/vehicles/train_day_0106.csv","data/train/signals/train_day_0106.json"
"train_day_0107","train","data/train/vehicles/train_day_0107.csv","data/train/signals/train_day_0107.json"
"train_day_0108","train","data/train/vehicles/train_day_0108.csv","data/train/signals/train_day_0108.json"
"train_day_0109","train","data/train/vehicles/train_day_0109.csv","data/train/signals/train_day_0109.json"
"train_day_0110","train","data/train/vehicles/train_day_0110.csv","data/train/signals/train_day_0110.json"
"train_day_0111","train","data/train/vehicles/train_day_0111.csv","data/train/signals/train_day_0111.json"
"train_day_0112","train","data/train/vehicles/train_day_0112.csv","data/train/signals/train_day_0112.json"
"train_day_0113","train","data/train/vehicles/train_day_0113.csv","data/train/signals/train_day_0113.json"
"train_day_0114","train","data/train/vehicles/train_day_0114.csv","data/train/signals/train_day_0114.json"
"train_day_0115","train","data/train/vehicles/train_day_0115.csv","data/train/signals/train_day_0115.json"
"train_day_0116","train","data/train/vehicles/train_day_0116.csv","data/train/signals/train_day_0116.json"
"train_day_0117","train","data/train/vehicles/train_day_0117.csv","data/train/signals/train_day_0117.json"
"train_day_0118","train","data/train/vehicles/train_day_0118.csv","data/train/signals/train_day_0118.json"
"train_day_0119","train","data/train/vehicles/train_day_0119.csv","data/train/signals/train_day_0119.json"
"train_day_0120","train","data/train/vehicles/train_day_0120.csv","data/train/signals/train_day_0120.json"
"train_day_0121","train","data/train/vehicles/train_day_0121.csv","data/train/signals/train_day_0121.json"
"train_day_0122","train","data/train/vehicles/train_day_0122.csv","data/train/signals/train_day_0122.json"
"train_day_0123","train","data/train/vehicles/train_day_0123.csv","data/train/signals/train_day_0123.json"
"train_day_0124","train","data/train/vehicles/train_day_0124.csv","data/train/signals/train_day_0124.json"
"train_day_0125","train","data/train/vehicles/train_day_0125.csv","data/train/signals/train_day_0125.json"
"train_day_0126","train","data/train/vehicles/train_day_0126.csv","data/train/signals/train_day_0126.json"
"train_day_0127","train","data/train/vehicles/train_day_0127.csv","data/train/signals/train_day_0127.json"
"train_day_0128","train","data/train/vehicles/train_day_0128.csv","data/train/signals/train_day_0128.json"
"train_day_0129","train","data/train/vehicles/train_day_0129.csv","data/train/signals/train_day_0129.json"
"train_day_0130","train","data/train/vehicles/train_day_0130.csv","data/train/signals/train_day_0130.json"
"train_day_0131","train","data/train/vehicles/train_day_0131.csv","data/train/signals/train_day_0131.json"
"train_day_0132","train","data/train/vehicles/train_day_0132.csv","data/train/signals/train_day_0132.json"
"train_day_0133","train","data/train/vehicles/train_day_0133.csv","data/train/signals/train_day_0133.json"
"train_day_0134","train","data/train/vehicles/train_day_0134.csv","data/train/signals/train_day_0134.json"
"train_day_0135","train","data/train/vehicles/train_day_0135.csv","data/train/signals/train_day_0135.json"
"train_day_0136","train","data/train/vehicles/train_day_0136.csv","data/train/signals/train_day_0136.json"
"train_day_0137","train","data/train/vehicles/train_day_0137.csv","data/train/signals/train_day_0137.json"
"train_day_0138","train","data/train/vehicles/train_day_0138.csv","data/train/signals/train_day_0138.json"
"train_day_0139","train","data/train/vehicles/train_day_0139.csv","data/train/signals/train_day_0139.json"
"train_day_0140","train","data/train/vehicles/train_day_0140.csv","data/train/signals/train_day_0140.json"
"train_day_0141","train","data/train/vehicles/train_day_0141.csv","data/train/signals/train_day_0141.json"
"train_day_0142","train","data/train/vehicles/train_day_0142.csv","data/train/signals/train_day_0142.json"
"train_day_0143","train","data/train/vehicles/train_day_0143.csv","data/train/signals/train_day_0143.json"
"train_day_0144","train","data/train/vehicles/train_day_0144.csv","data/train/signals/train_day_0144.json"
"train_day_0145","train","data/train/vehicles/train_day_0145.csv","data/train/signals/train_day_0145.json"
"train_day_0146","train","data/train/vehicles/train_day_0146.csv","data/train/signals/train_day_0146.json"
"train_day_0147","train","data/train/vehicles/train_day_0147.csv","data/train/signals/train_day_0147.json"
"train_day_0148","train","data/train/vehicles/train_day_0148.csv","data/train/signals/train_day_0148.json"
"train_day_0149","train","data/train/vehicles/train_day_0149.csv","data/train/signals/train_day_0149.json"
"train_day_0150","train","data/train/vehicles/train_day_0150.csv","data/train/signals/train_day_0150.json"
"train_day_0151","train","data/train/vehicles/train_day_0151.csv","data/train/signals/train_day_0151.json"
"train_day_0152","train","data/train/vehicles/train_day_0152.csv","data/train/signals/train_day_0152.json"
"train_day_0153","train","data/train/vehicles/train_day_0153.csv","data/train/signals/train_day_0153.json"
"train_day_0154","train","data/train/vehicles/train_day_0154.csv","data/train/signals/train_day_0154.json"
"train_day_0155","train","data/train/vehicles/train_day_0155.csv","data/train/signals/train_day_0155.json"
"train_day_0156","train","data/train/vehicles/train_day_0156.csv","data/train/signals/train_day_0156.json"
"train_day_0157","train","data/train/vehicles/train_day_0157.csv","data/train/signals/train_day_0157.json"
"train_day_0158","train","data/train/vehicles/train_day_0158.csv","data/train/signals/train_day_0158.json"
"train_day_0159","train","data/train/vehicles/train_day_0159.csv","data/train/signals/train_day_0159.json"
"train_day_0160","train","data/train/vehicles/train_day_0160.csv","data/train/signals/train_day_0160.json"
"train_day_0161","train","data/train/vehicles/train_day_0161.csv","data/train/signals/train_day_0161.json"
"train_day_0162","train","data/train/vehicles/train_day_0162.csv","data/train/signals/train_day_0162.json"
"train_day_0163","train","data/train/vehicles/train_day_0163.csv","data/train/signals/train_day_0163.json"
"train_day_0164","train","data/train/vehicles/train_day_0164.csv","data/train/signals/train_day_0164.json"
"train_day_0165","train","data/train/vehicles/train_day_0165.csv","data/train/signals/train_day_0165.json"
"train_day_0166","train","data/train/vehicles/train_day_0166.csv","data/train/signals/train_day_0166.json"
"train_day_0167","train","data/train/vehicles/train_day_0167.csv","data/train/signals/train_day_0167.json"
"train_day_0168","train","data/train/vehicles/train_day_0168.csv","data/train/signals/train_day_0168.json"
"train_day_0169","train","data/train/vehicles/train_day_0169.csv","data/train/signals/train_day_0169.json"
"train_day_0170","train","data/train/vehicles/train_day_0170.csv","data/train/signals/train_day_0170.json"
"train_day_0171","train","data/train/vehicles/train_day_0171.csv","data/train/signals/train_day_0171.json"
"train_day_0172","train","data/train/vehicles/train_day_0172.csv","data/train/signals/train_day_0172.json"
"train_day_0173","train","data/train/vehicles/train_day_0173.csv","data/train/signals/train_day_0173.json"
"train_day_0174","train","data/train/vehicles/train_day_0174.csv","data/train/signals/train_day_0174.json"
"train_day_0175","train","data/train/vehicles/train_day_0175.csv","data/train/signals/train_day_0175.json"
"train_day_0176","train","data/train/vehicles/train_day_0176.csv","data/train/signals/train_day_0176.json"
"train_day_0177","train","data/train/vehicles/train_day_0177.csv","data/train/signals/train_day_0177.json"
"train_day_0178","train","data/train/vehicles/train_day_0178.csv","data/train/signals/train_day_0178.json"
"train_day_0179","train","data/train/vehicles/train_day_0179.csv","data/train/signals/train_day_0179.json"
"train_day_0180","train","data/train/vehicles/train_day_0180.csv","data/train/signals/train_day_0180.json"
"train_day_0181","train","data/train/vehicles/train_day_0181.csv","data/train/signals/train_day_0181.json"
"train_day_0182","train","data/train/vehicles/train_day_0182.csv","data/train/signals/train_day_0182.json"
"train_day_0183","train","data/train/vehicles/train_day_0183.csv","data/train/signals/train_day_0183.json"
"train_day_0184","train","data/train/vehicles/train_day_0184.csv","data/train/signals/train_day_0184.json"
"train_day_0185","train","data/train/vehicles/train_day_0185.csv","data/train/signals/train_day_0185.json"
"train_day_0186","train","data/train/vehicles/train_day_0186.csv","data/train/signals/train_day_0186.json"
"train_day_0187","train","data/train/vehicles/train_day_0187.csv","data/train/signals/train_day_0187.json"
"train_day_0188","train","data/train/vehicles/train_day_0188.csv","data/train/signals/train_day_0188.json"
"train_day_0189","train","data/train/vehicles/train_day_0189.csv","data/train/signals/train_day_0189.json"
"train_day_0190","train","data/train/vehicles/train_day_0190.csv","data/train/signals/train_day_0190.json"
"train_day_0191","train","data/train/vehicles/train_day_0191.csv","data/train/signals/train_day_0191.json"
"train_day_0192","train","data/train/vehicles/train_day_0192.csv","data/train/signals/train_day_0192.json"
"train_day_0193","train","data/train/vehicles/train_day_0193.csv","data/train/signals/train_day_0193.json"
"train_day_0194","train","data/train/vehicles/train_day_0194.csv","data/train/signals/train_day_0194.json"
"train_day_0195","train","data/train/vehicles/train_day_0195.csv","data/train/signals/train_day_0195.json"
"train_day_0196","train","data/train/vehicles/train_day_0196.csv","data/train/signals/train_day_0196.json"
"train_day_0197","train","data/train/vehicles/train_day_0197.csv","data/train/signals/train_day_0197.json"
"train_day_0198","train","data/train/vehicles/train_day_0198.csv","data/train/signals/train_day_0198.json"
"train_day_0199","train","data/train/vehicles/train_day_0199.csv","data/train/signals/train_day_0199.json"
"train_day_0200","train","data/train/vehicles/train_day_0200.csv","data/train/signals/train_day_0200.json"
"train_day_0201","train","data/train/vehicles/train_day_0201.csv","data/train/signals/train_day_0201.json"
"train_day_0202","train","data/train/vehicles/train_day_0202.csv","data/train/signals/train_day_0202.json"
"train_day_0203","train","data/train/vehicles/train_day_0203.csv","data/train/signals/train_day_0203.json"
"train_day_0204","train","data/train/vehicles/train_day_0204.csv","data/train/signals/train_day_0204.json"
"train_day_0205","train","data/train/vehicles/train_day_0205.csv","data/train/signals/train_day_0205.json"
"train_day_0206","train","data/train/vehicles/train_day_0206.csv","data/train/signals/train_day_0206.json"
"train_day_0207","train","data/train/vehicles/train_day_0207.csv","data/train/signals/train_day_0207.json"
"train_day_0208","train","data/train/vehicles/train_day_0208.csv","data/train/signals/train_day_0208.json"
"train_day_0209","train","data/train/vehicles/train_day_0209.csv","data/train/signals/train_day_0209.json"
"train_day_0210","train","data/train/vehicles/train_day_0210.csv","data/train/signals/train_day_0210.json"
"train_day_0211","train","data/train/vehicles/train_day_0211.csv","data/train/signals/train_day_0211.json"
"train_day_0212","train","data/train/vehicles/train_day_0212.csv","data/train/signals/train_day_0212.json"
"train_day_0213","train","data/train/vehicles/train_day_0213.csv","data/train/signals/train_day_0213.json"
"train_day_0214","train","data/train/vehicles/train_day_0214.csv","data/train/signals/train_day_0214.json"
"train_day_0215","train","data/train/vehicles/train_day_0215.csv","data/train/signals/train_day_0215.json"
"train_day_0216","train","data/train/vehicles/train_day_0216.csv","data/train/signals/train_day_0216.json"
"train_day_0217","train","data/train/vehicles/train_day_0217.csv","data/train/signals/train_day_0217.json"
"train_day_0218","train","data/train/vehicles/train_day_0218.csv","data/train/signals/train_day_0218.json"
"train_day_0219","train","data/train/vehicles/train_day_0219.csv","data/train/signals/train_day_0219.json"
"train_day_0220","train","data/train/vehicles/train_day_0220.csv","data/train/signals/train_day_0220.json"
"train_day_0221","train","data/train/vehicles/train_day_0221.csv","data/train/signals/train_day_0221.json"
"train_day_0222","train","data/train/vehicles/train_day_0222.csv","data/train/signals/train_day_0222.json"
"train_day_0223","train","data/train/vehicles/train_day_0223.csv","data/train/signals/train_day_0223.json"
"train_day_0224","train","data/train/vehicles/train_day_0224.csv","data/train/signals/train_day_0224.json"
"train_day_0225","train","data/train/vehicles/train_day_0225.csv","data/train/signals/train_day_0225.json"
"train_day_0226","train","data/train/vehicles/train_day_0226.csv","data/train/signals/train_day_0226.json"
"train_day_0227","train","data/train/vehicles/train_day_0227.csv","data/train/signals/train_day_0227.json"
"train_day_0228","train","data/train/vehicles/train_day_0228.csv","data/train/signals/train_day_0228.json"
"train_day_0229","train","data/train/vehicles/train_day_0229.csv","data/train/signals/train_day_0229.json"
"train_day_0230","train","data/train/vehicles/train_day_0230.csv","data/train/signals/train_day_0230.json"
"train_day_0231","train","data/train/vehicles/train_day_0231.csv","data/train/signals/train_day_0231.json"
"train_day_0232","train","data/train/vehicles/train_day_0232.csv","data/train/signals/train_day_0232.json"
"train_day_0233","train","data/train/vehicles/train_day_0233.csv","data/train/signals/train_day_0233.json"
"train_day_0234","train","data/train/vehicles/train_day_0234.csv","data/train/signals/train_day_0234.json"
"train_day_0235","train","data/train/vehicles/train_day_0235.csv","data/train/signals/train_day_0235.json"
"train_day_0236","train","data/train/vehicles/train_day_0236.csv","data/train/signals/train_day_0236.json"
"train_day_0237","train","data/train/vehicles/train_day_0237.csv","data/train/signals/train_day_0237.json"
"train_day_0238","train","data/train/vehicles/train_day_0238.csv","data/train/signals/train_day_0238.json"
"train_day_0239","train","data/train/vehicles/train_day_0239.csv","data/train/signals/train_day_0239.json"
"train_day_0240","train","data/train/vehicles/train_day_0240.csv","data/train/signals/train_day_0240.json"
"train_day_0241","train","data/train/vehicles/train_day_0241.csv","data/train/signals/train_day_0241.json"
"train_day_0242","train","data/train/vehicles/train_day_0242.csv","data/train/signals/train_day_0242.json"
"train_day_0243","train","data/train/vehicles/train_day_0243.csv","data/train/signals/train_day_0243.json"
"train_day_0244","train","data/train/vehicles/train_day_0244.csv","data/train/signals/train_day_0244.json"
"train_day_0245","train","data/train/vehicles/train_day_0245.csv","data/train/signals/train_day_0245.json"
"train_day_0246","train","data/train/vehicles/train_day_0246.csv","data/train/signals/train_day_0246.json"
"train_day_0247","train","data/train/vehicles/train_day_0247.csv","data/train/signals/train_day_0247.json"
"train_day_0248","train","data/train/vehicles/train_day_0248.csv","data/train/signals/train_day_0248.json"
"train_day_0249","train","data/train/vehicles/train_day_0249.csv","data/train/signals/train_day_0249.json"
"train_day_0250","train","data/train/vehicles/train_day_0250.csv","data/train/signals/train_day_0250.json"
"train_day_0251","train","data/train/vehicles/train_day_0251.csv","data/train/signals/train_day_0251.json"
"train_day_0252","train","data/train/vehicles/train_day_0252.csv","data/train/signals/train_day_0252.json"
"train_day_0253","train","data/train/vehicles/train_day_0253.csv","data/train/signals/train_day_0253.json"
"train_day_0254","train","data/train/vehicles/train_day_0254.csv","data/train/signals/train_day_0254.json"
"train_day_0255","train","data/train/vehicles/train_day_0255.csv","data/train/signals/train_day_0255.json"
"train_day_0256","train","data/train/vehicles/train_day_0256.csv","data/train/signals/train_day_0256.json"
"train_day_0257","train","data/train/vehicles/train_day_0257.csv","data/train/signals/train_day_0257.json"
"train_day_0258","train","data/train/vehicles/train_day_0258.csv","data/train/signals/train_day_0258.json"
"train_day_0259","train","data/train/vehicles/train_day_0259.csv","data/train/signals/train_day_0259.json"
"train_day_0260","train","data/train/vehicles/train_day_0260.csv","data/train/signals/train_day_0260.json"
"train_day_0261","train","data/train/vehicles/train_day_0261.csv","data/train/signals/train_day_0261.json"
"train_day_0262","train","data/train/vehicles/train_day_0262.csv","data/train/signals/train_day_0262.json"
"train_day_0263","train","data/train/vehicles/train_day_0263.csv","data/train/signals/train_day_0263.json"
"train_day_0264","train","data/train/vehicles/train_day_0264.csv","data/train/signals/train_day_0264.json"
"train_day_0265","train","data/train/vehicles/train_day_0265.csv","data/train/signals/train_day_0265.json"
"train_day_0266","train","data/train/vehicles/train_day_0266.csv","data/train/signals/train_day_0266.json"
"train_day_0267","train","data/train/vehicles/train_day_0267.csv","data/train/signals/train_day_0267.json"
"train_day_0268","train","data/train/vehicles/train_day_0268.csv","data/train/signals/train_day_0268.json"
"train_day_0269","train","data/train/vehicles/train_day_0269.csv","data/train/signals/train_day_0269.json"
"train_day_0270","train","data/train/vehicles/train_day_0270.csv","data/train/signals/train_day_0270.json"
"train_day_0271","train","data/train/vehicles/train_day_0271.csv","data/train/signals/train_day_0271.json"
"train_day_0272","train","data/train/vehicles/train_day_0272.csv","data/train/signals/train_day_0272.json"
"train_day_0273","train","data/train/vehicles/train_day_0273.csv","data/train/signals/train_day_0273.json"
"train_day_0274","train","data/train/vehicles/train_day_0274.csv","data/train/signals/train_day_0274.json"
"train_day_0275","train","data/train/vehicles/train_day_0275.csv","data/train/signals/train_day_0275.json"
"train_day_0276","train","data/train/vehicles/train_day_0276.csv","data/train/signals/train_day_0276.json"
"train_day_0277","train","data/train/vehicles/train_day_0277.csv","data/train/signals/train_day_0277.json"
"train_day_0278","train","data/train/vehicles/train_day_0278.csv","data/train/signals/train_day_0278.json"
"train_day_0279","train","data/train/vehicles/train_day_0279.csv","data/train/signals/train_day_0279.json"
"train_day_0280","train","data/train/vehicles/train_day_0280.csv","data/train/signals/train_day_0280.json"
"train_day_0281","train","data/train/vehicles/train_day_0281.csv","data/train/signals/train_day_0281.json"
"train_day_0282","train","data/train/vehicles/train_day_0282.csv","data/train/signals/train_day_0282.json"
"train_day_0283","train","data/train/vehicles/train_day_0283.csv","data/train/signals/train_day_0283.json"
"train_day_0284","train","data/train/vehicles/train_day_0284.csv","data/train/signals/train_day_0284.json"
"train_day_0285","train","data/train/vehicles/train_day_0285.csv","data/train/signals/train_day_0285.json"
"train_day_0286","train","data/train/vehicles/train_day_0286.csv","data/train/signals/train_day_0286.json"
"train_day_0287","train","data/train/vehicles/train_day_0287.csv","data/train/signals/train_day_0287.json"
"train_day_0288","train","data/train/vehicles/train_day_0288.csv","data/train/signals/train_day_0288.json"
"train_day_0289","train","data/train/vehicles/train_day_0289.csv","data/train/signals/train_day_0289.json"
"train_day_0290","train","data/train/vehicles/train_day_0290.csv","data/train/signals/train_day_0290.json"
"train_day_0291","train","data/train/vehicles/train_day_0291.csv","data/train/signals/train_day_0291.json"
"train_day_0292","train","data/train/vehicles/train_day_0292.csv","data/train/signals/train_day_0292.json"
"train_day_0293","train","data/train/vehicles/train_day_0293.csv","data/train/signals/train_day_0293.json"
"train_day_0294","train","data/train/vehicles/train_day_0294.csv","data/train/signals/train_day_0294.json"
"train_day_0295","train","data/train/vehicles/train_day_0295.csv","data/train/signals/train_day_0295.json"
"train_day_0296","train","data/train/vehicles/train_day_0296.csv","data/train/signals/train_day_0296.json"
"train_day_0297","train","data/train/vehicles/train_day_0297.csv","data/train/signals/train_day_0297.json"
"train_day_0298","train","data/train/vehicles/train_day_0298.csv","data/train/signals/train_day_0298.json"
"train_day_0299","train","data/train/vehicles/train_day_0299.csv","data/train/signals/train_day_0299.json"
"train_day_0300","train","data/train/vehicles/train_day_0300.csv","data/train/signals/train_day_0300.json"
"train_day_0301","train","data/train/vehicles/train_day_0301.csv","data/train/signals/train_day_0301.json"
"train_day_0302","train","data/train/vehicles/train_day_0302.csv","data/train/signals/train_day_0302.json"
"train_day_0303","train","data/train/vehicles/train_day_0303.csv","data/train/signals/train_day_0303.json"
"train_day_0304","train","data/train/vehicles/train_day_0304.csv","data/train/signals/train_day_0304.json"
"train_day_0305","train","data/train/vehicles/train_day_0305.csv","data/train/signals/train_day_0305.json"
"train_day_0306","train","data/train/vehicles/train_day_0306.csv","data/train/signals/train_day_0306.json"
"train_day_0307","train","data/train/vehicles/train_day_0307.csv","data/train/signals/train_day_0307.json"
"train_day_0308","train","data/train/vehicles/train_day_0308.csv","data/train/signals/train_day_0308.json"
"train_day_0309","train","data/train/vehicles/train_day_0309.csv","data/train/signals/train_day_0309.json"
"train_day_0310","train","data/train/vehicles/train_day_0310.csv","data/train/signals/train_day_0310.json"
"train_day_0311","train","data/train/vehicles/train_day_0311.csv","data/train/signals/train_day_0311.json"
"train_day_0312","train","data/train/vehicles/train_day_0312.csv","data/train/signals/train_day_0312.json"
"train_day_0313","train","data/train/vehicles/train_day_0313.csv","data/train/signals/train_day_0313.json"
"train_day_0314","train","data/train/vehicles/train_day_0314.csv","data/train/signals/train_day_0314.json"
"train_day_0315","train","data/train/vehicles/train_day_0315.csv","data/train/signals/train_day_0315.json"
"train_day_0316","train","data/train/vehicles/train_day_0316.csv","data/train/signals/train_day_0316.json"
"train_day_0317","train","data/train/vehicles/train_day_0317.csv","data/train/signals/train_day_0317.json"
"train_day_0318","train","data/train/vehicles/train_day_0318.csv","data/train/signals/train_day_0318.json"
"train_day_0319","train","data/train/vehicles/train_day_0319.csv","data/train/signals/train_day_0319.json"
"train_day_0320","train","data/train/vehicles/train_day_0320.csv","data/train/signals/train_day_0320.json"
"train_day_0321","train","data/train/vehicles/train_day_0321.csv","data/train/signals/train_day_0321.json"
"train_day_0322","train","data/train/vehicles/train_day_0322.csv","data/train/signals/train_day_0322.json"
"train_day_0323","train","data/train/vehicles/train_day_0323.csv","data/train/signals/train_day_0323.json"
"train_day_0324","train","data/train/vehicles/train_day_0324.csv","data/train/signals/train_day_0324.json"
"train_day_0325","train","data/train/vehicles/train_day_0325.csv","data/train/signals/train_day_0325.json"
"train_day_0326","train","data/train/vehicles/train_day_0326.csv","data/train/signals/train_day_0326.json"
"train_day_0327","train","data/train/vehicles/train_day_0327.csv","data/train/signals/train_day_0327.json"
"train_day_0328","train","data/train/vehicles/train_day_0328.csv","data/train/signals/train_day_0328.json"
"train_day_0329","train","data/train/vehicles/train_day_0329.csv","data/train/signals/train_day_0329.json"
"train_day_0330","train","data/train/vehicles/train_day_0330.csv","data/train/signals/train_day_0330.json"
"train_day_0331","train","data/train/vehicles/train_day_0331.csv","data/train/signals/train_day_0331.json"
"train_day_0332","train","data/train/vehicles/train_day_0332.csv","data/train/signals/train_day_0332.json"
"train_day_0333","train","data/train/vehicles/train_day_0333.csv","data/train/signals/train_day_0333.json"
"train_day_0334","train","data/train/vehicles/train_day_0334.csv","data/train/signals/train_day_0334.json"
"train_day_0335","train","data/train/vehicles/train_day_0335.csv","data/train/signals/train_day_0335.json"
"train_day_0336","train","data/train/vehicles/train_day_0336.csv","data/train/signals/train_day_0336.json"
"train_day_0337","train","data/train/vehicles/train_day_0337.csv","data/train/signals/train_day_0337.json"
"train_day_0338","train","data/train/vehicles/train_day_0338.csv","data/train/signals/train_day_0338.json"
"train_day_0339","train","data/train/vehicles/train_day_0339.csv","data/train/signals/train_day_0339.json"
"train_day_0340","train","data/train/vehicles/train_day_0340.csv","data/train/signals/train_day_0340.json"
"train_day_0341","train","data/train/vehicles/train_day_0341.csv","data/train/signals/train_day_0341.json"
"train_day_0342","train","data/train/vehicles/train_day_0342.csv","data/train/signals/train_day_0342.json"
"train_day_0343","train","data/train/vehicles/train_day_0343.csv","data/train/signals/train_day_0343.json"
"train_day_0344","train","data/train/vehicles/train_day_0344.csv","data/train/signals/train_day_0344.json"
"train_day_0345","train","data/train/vehicles/train_day_0345.csv","data/train/signals/train_day_0345.json"
"train_day_0346","train","data/train/vehicles/train_day_0346.csv","data/train/signals/train_day_0346.json"
"train_day_0347","train","data/train/vehicles/train_day_0347.csv","data/train/signals/train_day_0347.json"
"train_day_0348","train","data/train/vehicles/train_day_0348.csv","data/train/signals/train_day_0348.json"
"train_day_0349","train","data/train/vehicles/train_day_0349.csv","data/train/signals/train_day_0349.json"
"train_day_0350","train","data/train/vehicles/train_day_0350.csv","data/train/signals/train_day_0350.json"
"train_day_0351","train","data/train/vehicles/train_day_0351.csv","data/train/signals/train_day_0351.json"
"train_day_0352","train","data/train/vehicles/train_day_0352.csv","data/train/signals/train_day_0352.json"
"train_day_0353","train","data/train/vehicles/train_day_0353.csv","data/train/signals/train_day_0353.json"
"train_day_0354","train","data/train/vehicles/train_day_0354.csv","data/train/signals/train_day_0354.json"
"train_day_0355","train","data/train/vehicles/train_day_0355.csv","data/train/signals/train_day_0355.json"
"train_day_0356","train","data/train/vehicles/train_day_0356.csv","data/train/signals/train_day_0356.json"
"train_day_0357","train","data/train/vehicles/train_day_0357.csv","data/train/signals/train_day_0357.json"
"train_day_0358","train","data/train/vehicles/train_day_0358.csv","data/train/signals/train_day_0358.json"
"train_day_0359","train","data/train/vehicles/train_day_0359.csv","data/train/signals/train_day_0359.json"
"train_day_0360","train","data/train/vehicles/train_day_0360.csv","data/train/signals/train_day_0360.json"
"train_day_0361","train","data/train/vehicles/train_day_0361.csv","data/train/signals/train_day_0361.json"
"train_day_0362","train","data/train/vehicles/train_day_0362.csv","data/train/signals/train_day_0362.json"
"train_day_0363","train","data/train/vehicles/train_day_0363.csv","data/train/signals/train_day_0363.json"
"train_day_0364","train","data/train/vehicles/train_day_0364.csv","data/train/signals/train_day_0364.json"
"train_day_0365","train","data/train/vehicles/train_day_0365.csv","data/train/signals/train_day_0365.json"
"train_day_0366","train","data/train/vehicles/train_day_0366.csv","data/train/signals/train_day_0366.json"
"train_day_0367","train","data/train/vehicles/train_day_0367.csv","data/train/signals/train_day_0367.json"
"train_day_0368","train","data/train/vehicles/train_day_0368.csv","data/train/signals/train_day_0368.json"
"train_day_0369","train","data/train/vehicles/train_day_0369.csv","data/train/signals/train_day_0369.json"
"train_day_0370","train","data/train/vehicles/train_day_0370.csv","data/train/signals/train_day_0370.json"
"train_day_0371","train","data/train/vehicles/train_day_0371.csv","data/train/signals/train_day_0371.json"
"train_day_0372","train","data/train/vehicles/train_day_0372.csv","data/train/signals/train_day_0372.json"
"train_day_0373","train","data/train/vehicles/train_day_0373.csv","data/train/signals/train_day_0373.json"
"train_day_0374","train","data/train/vehicles/train_day_0374.csv","data/train/signals/train_day_0374.json"
"train_day_0375","train","data/train/vehicles/train_day_0375.csv","data/train/signals/train_day_0375.json"
"train_day_0376","train","data/train/vehicles/train_day_0376.csv","data/train/signals/train_day_0376.json"
"train_day_0377","train","data/train/vehicles/train_day_0377.csv","data/train/signals/train_day_0377.json"
"train_day_0378","train","data/train/vehicles/train_day_0378.csv","data/train/signals/train_day_0378.json"
"train_day_0379","train","data/train/vehicles/train_day_0379.csv","data/train/signals/train_day_0379.json"
"train_day_0380","train","data/train/vehicles/train_day_0380.csv","data/train/signals/train_day_0380.json"
"train_day_0381","train","data/train/vehicles/train_day_0381.csv","data/train/signals/train_day_0381.json"
"train_day_0382","train","data/train/vehicles/train_day_0382.csv","data/train/signals/train_day_0382.json"
"train_day_0383","train","data/train/vehicles/train_day_0383.csv","data/train/signals/train_day_0383.json"
"train_day_0384","train","data/train/vehicles/train_day_0384.csv","data/train/signals/train_day_0384.json"
"train_day_0385","train","data/train/vehicles/train_day_0385.csv","data/train/signals/train_day_0385.json"
"train_day_0386","train","data/train/vehicles/train_day_0386.csv","data/train/signals/train_day_0386.json"
"train_day_0387","train","data/train/vehicles/train_day_0387.csv","data/train/signals/train_day_0387.json"
"train_day_0388","train","data/train/vehicles/train_day_0388.csv","data/train/signals/train_day_0388.json"
"train_day_0389","train","data/train/vehicles/train_day_0389.csv","data/train/signals/train_day_0389.json"
"train_day_0390","train","data/train/vehicles/train_day_0390.csv","data/train/signals/train_day_0390.json"
"train_day_0391","train","data/train/vehicles/train_day_0391.csv","data/train/signals/train_day_0391.json"
"train_day_0392","train","data/train/vehicles/train_day_0392.csv","data/train/signals/train_day_0392.json"
"train_day_0393","train","data/train/vehicles/train_day_0393.csv","data/train/signals/train_day_0393.json"
"train_day_0394","train","data/train/vehicles/train_day_0394.csv","data/train/signals/train_day_0394.json"
"train_day_0395","train","data/train/vehicles/train_day_0395.csv","data/train/signals/train_day_0395.json"
"train_day_0396","train","data/train/vehicles/train_day_0396.csv","data/train/signals/train_day_0396.json"
"train_day_0397","train","data/train/vehicles/train_day_0397.csv","data/train/signals/train_day_0397.json"
"train_day_0398","train","data/train/vehicles/train_day_0398.csv","data/train/signals/train_day_0398.json"
"train_day_0399","train","data/train/vehicles/train_day_0399.csv","data/train/signals/train_day_0399.json"
"train_day_0400","train","data/train/vehicles/train_day_0400.csv","data/train/signals/train_day_0400.json"
"train_day_0401","train","data/train/vehicles/train_day_0401.csv","data/train/signals/train_day_0401.json"
"train_day_0402","train","data/train/vehicles/train_day_0402.csv","data/train/signals/train_day_0402.json"
"train_day_0403","train","data/train/vehicles/train_day_0403.csv","data/train/signals/train_day_0403.json"
"train_day_0404","train","data/train/vehicles/train_day_0404.csv","data/train/signals/train_day_0404.json"
"train_day_0405","train","data/train/vehicles/train_day_0405.csv","data/train/signals/train_day_0405.json"
"train_day_0406","train","data/train/vehicles/train_day_0406.csv","data/train/signals/train_day_0406.json"
"train_day_0407","train","data/train/vehicles/train_day_0407.csv","data/train/signals/train_day_0407.json"
"train_day_0408","train","data/train/vehicles/train_day_0408.csv","data/train/signals/train_day_0408.json"
"train_day_0409","train","data/train/vehicles/train_day_0409.csv","data/train/signals/train_day_0409.json"
"train_day_0410","train","data/train/vehicles/train_day_0410.csv","data/train/signals/train_day_0410.json"
"train_day_0411","train","data/train/vehicles/train_day_0411.csv","data/train/signals/train_day_0411.json"
"train_day_0412","train","data/train/vehicles/train_day_0412.csv","data/train/signals/train_day_0412.json"
"train_day_0413","train","data/train/vehicles/train_day_0413.csv","data/train/signals/train_day_0413.json"
"train_day_0414","train","data/train/vehicles/train_day_0414.csv","data/train/signals/train_day_0414.json"
"train_day_0415","train","data/train/vehicles/train_day_0415.csv","data/train/signals/train_day_0415.json"
"train_day_0416","train","data/train/vehicles/train_day_0416.csv","data/train/signals/train_day_0416.json"
"train_day_0417","train","data/train/vehicles/train_day_0417.csv","data/train/signals/train_day_0417.json"
"train_day_0418","train","data/train/vehicles/train_day_0418.csv","data/train/signals/train_day_0418.json"
"train_day_0419","train","data/train/vehicles/train_day_0419.csv","data/train/signals/train_day_0419.json"
"train_day_0420","train","data/train/vehicles/train_day_0420.csv","data/train/signals/train_day_0420.json"
"train_day_0421","train","data/train/vehicles/train_day_0421.csv","data/train/signals/train_day_0421.json"
"train_day_0422","train","data/train/vehicles/train_day_0422.csv","data/train/signals/train_day_0422.json"
"train_day_0423","train","data/train/vehicles/train_day_0423.csv","data/train/signals/train_day_0423.json"
"train_day_0424","train","data/train/vehicles/train_day_0424.csv","data/train/signals/train_day_0424.json"
"train_day_0425","train","data/train/vehicles/train_day_0425.csv","data/train/signals/train_day_0425.json"
"train_day_0426","train","data/train/vehicles/train_day_0426.csv","data/train/signals/train_day_0426.json"
"train_day_0427","train","data/train/vehicles/train_day_0427.csv","data/train/signals/train_day_0427.json"
"train_day_0428","train","data/train/vehicles/train_day_0428.csv","data/train/signals/train_day_0428.json"
"train_day_0429","train","data/train/vehicles/train_day_0429.csv","data/train/signals/train_day_0429.json"
"train_day_0430","train","data/train/vehicles/train_day_0430.csv","data/train/signals/train_day_0430.json"
"train_day_0431","train","data/train/vehicles/train_day_0431.csv","data/train/signals/train_day_0431.json"
"train_day_0432","train","data/train/vehicles/train_day_0432.csv","data/train/signals/train_day_0432.json"
"train_day_0433","train","data/train/vehicles/train_day_0433.csv","data/train/signals/train_day_0433.json"
"train_day_0434","train","data/train/vehicles/train_day_0434.csv","data/train/signals/train_day_0434.json"
"train_day_0435","train","data/train/vehicles/train_day_0435.csv","data/train/signals/train_day_0435.json"
"train_day_0436","train","data/train/vehicles/train_day_0436.csv","data/train/signals/train_day_0436.json"
"train_day_0437","train","data/train/vehicles/train_day_0437.csv","data/train/signals/train_day_0437.json"
"train_day_0438","train","data/train/vehicles/train_day_0438.csv","data/train/signals/train_day_0438.json"
"train_day_0439","train","data/train/vehicles/train_day_0439.csv","data/train/signals/train_day_0439.json"
"train_day_0440","train","data/train/vehicles/train_day_0440.csv","data/train/signals/train_day_0440.json"
"train_day_0441","train","data/train/vehicles/train_day_0441.csv","data/train/signals/train_day_0441.json"
"train_day_0442","train","data/train/vehicles/train_day_0442.csv","data/train/signals/train_day_0442.json"
"train_day_0443","train","data/train/vehicles/train_day_0443.csv","data/train/signals/train_day_0443.json"
"train_day_0444","train","data/train/vehicles/train_day_0444.csv","data/train/signals/train_day_0444.json"
"train_day_0445","train","data/train/vehicles/train_day_0445.csv","data/train/signals/train_day_0445.json"
"train_day_0446","train","data/train/vehicles/train_day_0446.csv","data/train/signals/train_day_0446.json"
"train_day_0447","train","data/train/vehicles/train_day_0447.csv","data/train/signals/train_day_0447.json"
"train_day_0448","train","data/train/vehicles/train_day_0448.csv","data/train/signals/train_day_0448.json"
"train_day_0449","train","data/train/vehicles/train_day_0449.csv","data/train/signals/train_day_0449.json"
"train_day_0450","train","data/train/vehicles/train_day_0450.csv","data/train/signals/train_day_0450.json"
"train_day_0451","train","data/train/vehicles/train_day_0451.csv","data/train/signals/train_day_0451.json"
"train_day_0452","train","data/train/vehicles/train_day_0452.csv","data/train/signals/train_day_0452.json"
"train_day_0453","train","data/train/vehicles/train_day_0453.csv","data/train/signals/train_day_0453.json"
"train_day_0454","train","data/train/vehicles/train_day_0454.csv","data/train/signals/train_day_0454.json"
"train_day_0455","train","data/train/vehicles/train_day_0455.csv","data/train/signals/train_day_0455.json"
"train_day_0456","train","data/train/vehicles/train_day_0456.csv","data/train/signals/train_day_0456.json"
"train_day_0457","train","data/train/vehicles/train_day_0457.csv","data/train/signals/train_day_0457.json"
"train_day_0458","train","data/train/vehicles/train_day_0458.csv","data/train/signals/train_day_0458.json"
"train_day_0459","train","data/train/vehicles/train_day_0459.csv","data/train/signals/train_day_0459.json"
"train_day_0460","train","data/train/vehicles/train_day_0460.csv","data/train/signals/train_day_0460.json"
"train_day_0461","train","data/train/vehicles/train_day_0461.csv","data/train/signals/train_day_0461.json"
"train_day_0462","train","data/train/vehicles/train_day_0462.csv","data/train/signals/train_day_0462.json"
"train_day_0463","train","data/train/vehicles/train_day_0463.csv","data/train/signals/train_day_0463.json"
"train_day_0464","train","data/train/vehicles/train_day_0464.csv","data/train/signals/train_day_0464.json"
"train_day_0465","train","data/train/vehicles/train_day_0465.csv","data/train/signals/train_day_0465.json"
"train_day_0466","train","data/train/vehicles/train_day_0466.csv","data/train/signals/train_day_0466.json"
"train_day_0467","train","data/train/vehicles/train_day_0467.csv","data/train/signals/train_day_0467.json"
"train_day_0468","train","data/train/vehicles/train_day_0468.csv","data/train/signals/train_day_0468.json"
"train_day_0469","train","data/train/vehicles/train_day_0469.csv","data/train/signals/train_day_0469.json"
"train_day_0470","train","data/train/vehicles/train_day_0470.csv","data/train/signals/train_day_0470.json"
"train_day_0471","train","data/train/vehicles/train_day_0471.csv","data/train/signals/train_day_0471.json"
"train_day_0472","train","data/train/vehicles/train_day_0472.csv","data/train/signals/train_day_0472.json"
"train_day_0473","train","data/train/vehicles/train_day_0473.csv","data/train/signals/train_day_0473.json"
"train_day_0474","train","data/train/vehicles/train_day_0474.csv","data/train/signals/train_day_0474.json"
"train_day_0475","train","data/train/vehicles/train_day_0475.csv","data/train/signals/train_day_0475.json"
"train_day_0476","train","data/train/vehicles/train_day_0476.csv","data/train/signals/train_day_0476.json"
"train_day_0477","train","data/train/vehicles/train_day_0477.csv","data/train/signals/train_day_0477.json"
"train_day_0478","train","data/train/vehicles/train_day_0478.csv","data/train/signals/train_day_0478.json"
"train_day_0479","train","data/train/vehicles/train_day_0479.csv","data/train/signals/train_day_0479.json"
"train_day_0480","train","data/train/vehicles/train_day_0480.csv","data/train/signals/train_day_0480.json"
"train_day_0481","train","data/train/vehicles/train_day_0481.csv","data/train/signals/train_day_0481.json"
"train_day_0482","train","data/train/vehicles/train_day_0482.csv","data/train/signals/train_day_0482.json"
"train_day_0483","train","data/train/vehicles/train_day_0483.csv","data/train/signals/train_day_0483.json"
"train_day_0484","train","data/train/vehicles/train_day_0484.csv","data/train/signals/train_day_0484.json"
"train_day_0485","train","data/train/vehicles/train_day_0485.csv","data/train/signals/train_day_0485.json"
"train_day_0486","train","data/train/vehicles/train_day_0486.csv","data/train/signals/train_day_0486.json"
"train_day_0487","train","data/train/vehicles/train_day_0487.csv","data/train/signals/train_day_0487.json"
"train_day_0488","train","data/train/vehicles/train_day_0488.csv","data/train/signals/train_day_0488.json"
"train_day_0489","train","data/train/vehicles/train_day_0489.csv","data/train/signals/train_day_0489.json"
"train_day_0490","train","data/train/vehicles/train_day_0490.csv","data/train/signals/train_day_0490.json"
"train_day_0491","train","data/train/vehicles/train_day_0491.csv","data/train/signals/train_day_0491.json"
"train_day_0492","train","data/train/vehicles/train_day_0492.csv","data/train/signals/train_day_0492.json"
"train_day_0493","train","data/train/vehicles/train_day_0493.csv","data/train/signals/train_day_0493.json"
"train_day_0494","train","data/train/vehicles/train_day_0494.csv","data/train/signals/train_day_0494.json"
"train_day_0495","train","data/train/vehicles/train_day_0495.csv","data/train/signals/train_day_0495.json"
"train_day_0496","train","data/train/vehicles/train_day_0496.csv","data/train/signals/train_day_0496.json"
"train_day_0497","train","data/train/vehicles/train_day_0497.csv","data/train/signals/train_day_0497.json"
"train_day_0498","train","data/train/vehicles/train_day_0498.csv","data/train/signals/train_day_0498.json"
"train_day_0499","train","data/train/vehicles/train_day_0499.csv","data/train/signals/train_day_0499.json"
"train_day_0500","train","data/train/vehicles/train_day_0500.csv","data/train/signals/train_day_0500.json"
"val_day_0001","val","data/val/vehicles/val_day_0001.csv","data/val/signals/val_day_0001.json"
"val_day_0002","val","data/val/vehicles/val_day_0002.csv","data/val/signals/val_day_0002.json"
"val_day_0003","val","data/val/vehicles/val_day_0003.csv","data/val/signals/val_day_0003.json"
"val_day_0004","val","data/val/vehicles/val_day_0004.csv","data/val/signals/val_day_0004.json"
"val_day_0005","val","data/val/vehicles/val_day_0005.csv","data/val/signals/val_day_0005.json"
"val_day_0006","val","data/val/vehicles/val_day_0006.csv","data/val/signals/val_day_0006.json"
"val_day_0007","val","data/val/vehicles/val_day_0007.csv","data/val/signals/val_day_0007.json"
"val_day_0008","val","data/val/vehicles/val_day_0008.csv","data/val/signals/val_day_0008.json"
"val_day_0009","val","data/val/vehicles/val_day_0009.csv","data/val/signals/val_day_0009.json"
"val_day_0010","val","data/val/vehicles/val_day_0010.csv","data/val/signals/val_day_0010.json"
"val_day_0011","val","data/val/vehicles/val_day_0011.csv","data/val/signals/val_day_0011.json"
"val_day_0012","val","data/val/vehicles/val_day_0012.csv","data/val/signals/val_day_0012.json"
"val_day_0013","val","data/val/vehicles/val_day_0013.csv","data/val/signals/val_day_0013.json"
"val_day_0014","val","data/val/vehicles/val_day_0014.csv","data/val/signals/val_day_0014.json"
"val_day_0015","val","data/val/vehicles/val_day_0015.csv","data/val/signals/val_day_0015.json"
"val_day_0016","val","data/val/vehicles/val_day_0016.csv","data/val/signals/val_day_0016.json"
"val_day_0017","val","data/val/vehicles/val_day_0017.csv","data/val/signals/val_day_0017.json"
"val_day_0018","val","data/val/vehicles/val_day_0018.csv","data/val/signals/val_day_0018.json"
"val_day_0019","val","data/val/vehicles/val_day_0019.csv","data/val/signals/val_day_0019.json"
"val_day_0020","val","data/val/vehicles/val_day_0020.csv","data/val/signals/val_day_0020.json"
"val_day_0021","val","data/val/vehicles/val_day_0021.csv","data/val/signals/val_day_0021.json"
"val_day_0022","val","data/val/vehicles/val_day_0022.csv","data/val/signals/val_day_0022.json"
"val_day_0023","val","data/val/vehicles/val_day_0023.csv","data/val/signals/val_day_0023.json"
"val_day_0024","val","data/val/vehicles/val_day_0024.csv","data/val/signals/val_day_0024.json"
"val_day_0025","val","data/val/vehicles/val_day_0025.csv","data/val/signals/val_day_0025.json"
"val_day_0026","val","data/val/vehicles/val_day_0026.csv","data/val/signals/val_day_0026.json"
"val_day_0027","val","data/val/vehicles/val_day_0027.csv","data/val/signals/val_day_0027.json"
"val_day_0028","val","data/val/vehicles/val_day_0028.csv","data/val/signals/val_day_0028.json"
"val_day_0029","val","data/val/vehicles/val_day_0029.csv","data/val/signals/val_day_0029.json"
"val_day_0030","val","data/val/vehicles/val_day_0030.csv","data/val/signals/val_day_0030.json"
"val_day_0031","val","data/val/vehicles/val_day_0031.csv","data/val/signals/val_day_0031.json"
"val_day_0032","val","data/val/vehicles/val_day_0032.csv","data/val/signals/val_day_0032.json"
"val_day_0033","val","data/val/vehicles/val_day_0033.csv","data/val/signals/val_day_0033.json"
"val_day_0034","val","data/val/vehicles/val_day_0034.csv","data/val/signals/val_day_0034.json"
"val_day_0035","val","data/val/vehicles/val_day_0035.csv","data/val/signals/val_day_0035.json"
"val_day_0036","val","data/val/vehicles/val_day_0036.csv","data/val/signals/val_day_0036.json"
"val_day_0037","val","data/val/vehicles/val_day_0037.csv","data/val/signals/val_day_0037.json"
"val_day_0038","val","data/val/vehicles/val_day_0038.csv","data/val/signals/val_day_0038.json"
"val_day_0039","val","data/val/vehicles/val_day_0039.csv","data/val/signals/val_day_0039.json"
"val_day_0040","val","data/val/vehicles/val_day_0040.csv","data/val/signals/val_day_0040.json"
"val_day_0041","val","data/val/vehicles/val_day_0041.csv","data/val/signals/val_day_0041.json"
"val_day_0042","val","data/val/vehicles/val_day_0042.csv","data/val/signals/val_day_0042.json"
"val_day_0043","val","data/val/vehicles/val_day_0043.csv","data/val/signals/val_day_0043.json"
"val_day_0044","val","data/val/vehicles/val_day_0044.csv","data/val/signals/val_day_0044.json"
"val_day_0045","val","data/val/vehicles/val_day_0045.csv","data/val/signals/val_day_0045.json"
"val_day_0046","val","data/val/vehicles/val_day_0046.csv","data/val/signals/val_day_0046.json"
"val_day_0047","val","data/val/vehicles/val_day_0047.csv","data/val/signals/val_day_0047.json"
"val_day_0048","val","data/val/vehicles/val_day_0048.csv","data/val/signals/val_day_0048.json"
"val_day_0049","val","data/val/vehicles/val_day_0049.csv","data/val/signals/val_day_0049.json"
"val_day_0050","val","data/val/vehicles/val_day_0050.csv","data/val/signals/val_day_0050.json"
"val_day_0051","val","data/val/vehicles/val_day_0051.csv","data/val/signals/val_day_0051.json"
"val_day_0052","val","data/val/vehicles/val_day_0052.csv","data/val/signals/val_day_0052.json"
"val_day_0053","val","data/val/vehicles/val_day_0053.csv","data/val/signals/val_day_0053.json"
"val_day_0054","val","data/val/vehicles/val_day_0054.csv","data/val/signals/val_day_0054.json"
"val_day_0055","val","data/val/vehicles/val_day_0055.csv","data/val/signals/val_day_0055.json"
"val_day_0056","val","data/val/vehicles/val_day_0056.csv","data/val/signals/val_day_0056.json"
"val_day_0057","val","data/val/vehicles/val_day_0057.csv","data/val/signals/val_day_0057.json"
"val_day_0058","val","data/val/vehicles/val_day_0058.csv","data/val/signals/val_day_0058.json"
"val_day_0059","val","data/val/vehicles/val_day_0059.csv","data/val/signals/val_day_0059.json"
"val_day_0060","val","data/val/vehicles/val_day_0060.csv","data/val/signals/val_day_0060.json"
"test_day_0001","test","data/test/vehicles/test_day_0001.csv","data/test/signals/test_day_0001.json"
"test_day_0002","test","data/test/vehicles/test_day_0002.csv","data/test/signals/test_day_0002.json"
"test_day_0003","test","data/test/vehicles/test_day_0003.csv","data/test/signals/test_day_0003.json"
"test_day_0004","test","data/test/vehicles/test_day_0004.csv","data/test/signals/test_day_0004.json"
"test_day_0005","test","data/test/vehicles/test_day_0005.csv","data/test/signals/test_day_0005.json"
"test_day_0006","test","data/test/vehicles/test_day_0006.csv","data/test/signals/test_day_0006.json"
"test_day_0007","test","data/test/vehicles/test_day_0007.csv","data/test/signals/test_day_0007.json"
"test_day_0008","test","data/test/vehicles/test_day_0008.csv","data/test/signals/test_day_0008.json"
"test_day_0009","test","data/test/vehicles/test_day_0009.csv","data/test/signals/test_day_0009.json"
"test_day_0010","test","data/test/vehicles/test_day_0010.csv","data/test/signals/test_day_0010.json"
"test_day_0011","test","data/test/vehicles/test_day_0011.csv","data/test/signals/test_day_0011.json"
"test_day_0012","test","data/test/vehicles/test_day_0012.csv","data/test/signals/test_day_0012.json"
"test_day_0013","test","data/test/vehicles/test_day_0013.csv","data/test/signals/test_day_0013.json"
"test_day_0014","test","data/test/vehicles/test_day_0014.csv","data/test/signals/test_day_0014.json"
"test_day_0015","test","data/test/vehicles/test_day_0015.csv","data/test/signals/test_day_0015.json"
"test_day_0016","test","data/test/vehicles/test_day_0016.csv","data/test/signals/test_day_0016.json"
"test_day_0017","test","data/test/vehicles/test_day_0017.csv","data/test/signals/test_day_0017.json"
"test_day_0018","test","data/test/vehicles/test_day_0018.csv","data/test/signals/test_day_0018.json"
"test_day_0019","test","data/test/vehicles/test_day_0019.csv","data/test/signals/test_day_0019.json"
"test_day_0020","test","data/test/vehicles/test_day_0020.csv","data/test/signals/test_day_0020.json"
"test_day_0021","test","data/test/vehicles/test_day_0021.csv","data/test/signals/test_day_0021.json"
"test_day_0022","test","data/test/vehicles/test_day_0022.csv","data/test/signals/test_day_0022.json"
"test_day_0023","test","data/test/vehicles/test_day_0023.csv","data/test/signals/test_day_0023.json"
"test_day_0024","test","data/test/vehicles/test_day_0024.csv","data/test/signals/test_day_0024.json"
"test_day_0025","test","data/test/vehicles/test_day_0025.csv","data/test/signals/test_day_0025.json"
"test_day_0026","test","data/test/vehicles/test_day_0026.csv","data/test/signals/test_day_0026.json"
"test_day_0027","test","data/test/vehicles/test_day_0027.csv","data/test/signals/test_day_0027.json"
"test_day_0028","test","data/test/vehicles/test_day_0028.csv","data/test/signals/test_day_0028.json"
"test_day_0029","test","data/test/vehicles/test_day_0029.csv","data/test/signals/test_day_0029.json"
"test_day_0030","test","data/test/vehicles/test_day_0030.csv","data/test/signals/test_day_0030.json"
"test_day_0031","test","data/test/vehicles/test_day_0031.csv","data/test/signals/test_day_0031.json"
"test_day_0032","test","data/test/vehicles/test_day_0032.csv","data/test/signals/test_day_0032.json"
"test_day_0033","test","data/test/vehicles/test_day_0033.csv","data/test/signals/test_day_0033.json"
"test_day_0034","test","data/test/vehicles/test_day_0034.csv","data/test/signals/test_day_0034.json"
"test_day_0035","test","data/test/vehicles/test_day_0035.csv","data/test/signals/test_day_0035.json"
"test_day_0036","test","data/test/vehicles/test_day_0036.csv","data/test/signals/test_day_0036.json"
"test_day_0037","test","data/test/vehicles/test_day_0037.csv","data/test/signals/test_day_0037.json"
"test_day_0038","test","data/test/vehicles/test_day_0038.csv","data/test/signals/test_day_0038.json"
"test_day_0039","test","data/test/vehicles/test_day_0039.csv","data/test/signals/test_day_0039.json"
"test_day_0040","test","data/test/vehicles/test_day_0040.csv","data/test/signals/test_day_0040.json"
"test_day_0041","test","data/test/vehicles/test_day_0041.csv","data/test/signals/test_day_0041.json"
"test_day_0042","test","data/test/vehicles/test_day_0042.csv","data/test/signals/test_day_0042.json"
"test_day_0043","test","data/test/vehicles/test_day_0043.csv","data/test/signals/test_day_0043.json"
"test_day_0044","test","data/test/vehicles/test_day_0044.csv","data/test/signals/test_day_0044.json"
"test_day_0045","test","data/test/vehicles/test_day_0045.csv","data/test/signals/test_day_0045.json"
"test_day_0046","test","data/test/vehicles/test_day_0046.csv","data/test/signals/test_day_0046.json"
"test_day_0047","test","data/test/vehicles/test_day_0047.csv","data/test/signals/test_day_0047.json"
"test_day_0048","test","data/test/vehicles/test_day_0048.csv","data/test/signals/test_day_0048.json"
"test_day_0049","test","data/test/vehicles/test_day_0049.csv","data/test/signals/test_day_0049.json"
"test_day_0050","test","data/test/vehicles/test_day_0050.csv","data/test/signals/test_day_0050.json"
"test_day_0051","test","data/test/vehicles/test_day_0051.csv","data/test/signals/test_day_0051.json"
"test_day_0052","test","data/test/vehicles/test_day_0052.csv","data/test/signals/test_day_0052.json"
"test_day_0053","test","data/test/vehicles/test_day_0053.csv","data/test/signals/test_day_0053.json"
"test_day_0054","test","data/test/vehicles/test_day_0054.csv","data/test/signals/test_day_0054.json"
"test_day_0055","test","data/test/vehicles/test_day_0055.csv","data/test/signals/test_day_0055.json"
"test_day_0056","test","data/test/vehicles/test_day_0056.csv","data/test/signals/test_day_0056.json"
"test_day_0057","test","data/test/vehicles/test_day_0057.csv","data/test/signals/test_day_0057.json"
"test_day_0058","test","data/test/vehicles/test_day_0058.csv","data/test/signals/test_day_0058.json"
"test_day_0059","test","data/test/vehicles/test_day_0059.csv","data/test/signals/test_day_0059.json"
"test_day_0060","test","data/test/vehicles/test_day_0060.csv","data/test/signals/test_day_0060.json"
"test_day_0061","test","data/test/vehicles/test_day_0061.csv","data/test/signals/test_day_0061.json"
"test_day_0062","test","data/test/vehicles/test_day_0062.csv","data/test/signals/test_day_0062.json"
"test_day_0063","test","data/test/vehicles/test_day_0063.csv","data/test/signals/test_day_0063.json"
"test_day_0064","test","data/test/vehicles/test_day_0064.csv","data/test/signals/test_day_0064.json"
"test_day_0065","test","data/test/vehicles/test_day_0065.csv","data/test/signals/test_day_0065.json"
"test_day_0066","test","data/test/vehicles/test_day_0066.csv","data/test/signals/test_day_0066.json"
"test_day_0067","test","data/test/vehicles/test_day_0067.csv","data/test/signals/test_day_0067.json"
"test_day_0068","test","data/test/vehicles/test_day_0068.csv","data/test/signals/test_day_0068.json"
"test_day_0069","test","data/test/vehicles/test_day_0069.csv","data/test/signals/test_day_0069.json"
"test_day_0070","test","data/test/vehicles/test_day_0070.csv","data/test/signals/test_day_0070.json"
"test_day_0071","test","data/test/vehicles/test_day_0071.csv","data/test/signals/test_day_0071.json"
"test_day_0072","test","data/test/vehicles/test_day_0072.csv","data/test/signals/test_day_0072.json"
"test_day_0073","test","data/test/vehicles/test_day_0073.csv","data/test/signals/test_day_0073.json"
"test_day_0074","test","data/test/vehicles/test_day_0074.csv","data/test/signals/test_day_0074.json"
"test_day_0075","test","data/test/vehicles/test_day_0075.csv","data/test/signals/test_day_0075.json"
"test_day_0076","test","data/test/vehicles/test_day_0076.csv","data/test/signals/test_day_0076.json"
"test_day_0077","test","data/test/vehicles/test_day_0077.csv","data/test/signals/test_day_0077.json"
"test_day_0078","test","data/test/vehicles/test_day_0078.csv","data/test/signals/test_day_0078.json"
"test_day_0079","test","data/test/vehicles/test_day_0079.csv","data/test/signals/test_day_0079.json"
"test_day_0080","test","data/test/vehicles/test_day_0080.csv","data/test/signals/test_day_0080.json"
"test_day_0081","test","data/test/vehicles/test_day_0081.csv","data/test/signals/test_day_0081.json"
"test_day_0082","test","data/test/vehicles/test_day_0082.csv","data/test/signals/test_day_0082.json"
"test_day_0083","test","data/test/vehicles/test_day_0083.csv","data/test/signals/test_day_0083.json"
"test_day_0084","test","data/test/vehicles/test_day_0084.csv","data/test/signals/test_day_0084.json"
"test_day_0085","test","data/test/vehicles/test_day_0085.csv","data/test/signals/test_day_0085.json"
"test_day_0086","test","data/test/vehicles/test_day_0086.csv","data/test/signals/test_day_0086.json"
"test_day_0087","test","data/test/vehicles/test_day_0087.csv","data/test/signals/test_day_0087.json"
"test_day_0088","test","data/test/vehicles/test_day_0088.csv","data/test/signals/test_day_0088.json"
"test_day_0089","test","data/test/vehicles/test_day_0089.csv","data/test/signals/test_day_0089.json"
"test_day_0090","test","data/test/vehicles/test_day_0090.csv","data/test/signals/test_day_0090.json"
"test_day_0091","test","data/test/vehicles/test_day_0091.csv","data/test/signals/test_day_0091.json"
"test_day_0092","test","data/test/vehicles/test_day_0092.csv","data/test/signals/test_day_0092.json"
"test_day_0093","test","data/test/vehicles/test_day_0093.csv","data/test/signals/test_day_0093.json"
"test_day_0094","test","data/test/vehicles/test_day_0094.csv","data/test/signals/test_day_0094.json"
"test_day_0095","test","data/test/vehicles/test_day_0095.csv","data/test/signals/test_day_0095.json"
"test_day_0096","test","data/test/vehicles/test_day_0096.csv","data/test/signals/test_day_0096.json"
"test_day_0097","test","data/test/vehicles/test_day_0097.csv","data/test/signals/test_day_0097.json"
"test_day_0098","test","data/test/vehicles/test_day_0098.csv","data/test/signals/test_day_0098.json"
"test_day_0099","test","data/test/vehicles/test_day_0099.csv","data/test/signals/test_day_0099.json"
"test_day_0100","test","data/test/vehicles/test_day_0100.csv","data/test/signals/test_day_0100.json"
"test_day_0101","test","data/test/vehicles/test_day_0101.csv","data/test/signals/test_day_0101.json"
"test_day_0102","test","data/test/vehicles/test_day_0102.csv","data/test/signals/test_day_0102.json"
"test_day_0103","test","data/test/vehicles/test_day_0103.csv","data/test/signals/test_day_0103.json"
"test_day_0104","test","data/test/vehicles/test_day_0104.csv","data/test/signals/test_day_0104.json"
"test_day_0105","test","data/test/vehicles/test_day_0105.csv","data/test/signals/test_day_0105.json"
"test_day_0106","test","data/test/vehicles/test_day_0106.csv","data/test/signals/test_day_0106.json"
"test_day_0107","test","data/test/vehicles/test_day_0107.csv","data/test/signals/test_day_0107.json"
"test_day_0108","test","data/test/vehicles/test_day_0108.csv","data/test/signals/test_day_0108.json"
"test_day_0109","test","data/test/vehicles/test_day_0109.csv","data/test/signals/test_day_0109.json"
"test_day_0110","test","data/test/vehicles/test_day_0110.csv","data/test/signals/test_day_0110.json"
"test_day_0111","test","data/test/vehicles/test_day_0111.csv","data/test/signals/test_day_0111.json"
"test_day_0112","test","data/test/vehicles/test_day_0112.csv","data/test/signals/test_day_0112.json"
"test_day_0113","test","data/test/vehicles/test_day_0113.csv","data/test/signals/test_day_0113.json"
"test_day_0114","test","data/test/vehicles/test_day_0114.csv","data/test/signals/test_day_0114.json"
"test_day_0115","test","data/test/vehicles/test_day_0115.csv","data/test/signals/test_day_0115.json"
"test_day_0116","test","data/test/vehicles/test_day_0116.csv","data/test/signals/test_day_0116.json"
"test_day_0117","test","data/test/vehicles/test_day_0117.csv","data/test/signals/test_day_0117.json"
"test_day_0118","test","data/test/vehicles/test_day_0118.csv","data/test/signals/test_day_0118.json"
"test_day_0119","test","data/test/vehicles/test_day_0119.csv","data/test/signals/test_day_0119.json"
"test_day_0120","test","data/test/vehicles/test_day_0120.csv","data/test/signals/test_day_0120.json"
