Scenario_ID,Split,Mean_Arrive_time,Std_Arrive_time,Mean_Duration_of_stay,Std_Duration_of_stay,Station_0_Count,Station_1_Count,Station_2_Count,Station_3_Count,Station_4_Count,Station_5_Count,Station_6_Count,Station_7_Count,Station_8_Count
train_day_0001,train,56.01162790697674,13.840028049815734,5.491279069767442,2.298870954687564,45,80,36,54,45,12,35,26,11
train_day_0002,train,55.61337209302326,14.65649099081606,5.494186046511628,2.0965006642388975,53,74,36,48,24,23,41,29,16
train_day_0003,train,56.90406976744186,14.108367373605669,5.700581395348837,2.3736439725643512,62,40,42,43,63,30,12,22,30
train_day_0004,train,55.52906976744186,12.451500014979702,5.872093023255814,2.5780672029593372,46,36,59,61,41,19,32,29,21
train_day_0005,train,53.491279069767444,11.676100346186354,5.869186046511628,2.4058512563565264,48,63,53,34,29,42,31,20,24
train_day_0006,train,55.31395348837209,11.863331846891269,5.9854651162790695,2.498212922655445,55,30,43,25,65,48,45,14,19
train_day_0007,train,54.88081395348837,15.328013700040934,5.816860465116279,2.483352835605809,56,61,35,44,27,19,42,34,26
train_day_0008,train,56.10755813953488,14.235255565463573,6.575581395348837,2.707673679563825,60,32,68,32,70,24,26,20,12
train_day_0009,train,55.01453488372093,13.150396506266986,5.90406976744186,2.4517639012944623,51,56,58,43,59,30,36,3,8
train_day_0010,train,59.03779069767442,14.449039229438991,5.604651162790698,2.376136544542969,38,68,42,62,30,17,61,3,23
train_day_0011,train,57.42151162790697,11.779204282502896,5.482558139534884,1.9911835828404378,19,69,60,48,48,43,32,5,20
train_day_0012,train,56.0843023255814,13.187661079426045,5.566860465116279,2.241561831769602,60,69,62,41,15,47,15,11,24
train_day_0013,train,56.23837209302326,13.343020722500645,5.770348837209302,2.4309400744885634,76,45,34,43,49,28,38,21,10
train_day_0014,train,53.883720930232556,11.042116628756023,6.063953488372093,2.574806960056928,89,55,54,45,8,53,12,18,10
train_day_0015,train,57.93313953488372,14.934300130099128,6.215116279069767,2.7650651803520754,44,75,52,56,27,11,30,37,12
train_day_0016,train,53.69476744186046,13.178663889888874,5.819767441860465,2.499317105216611,91,39,48,32,15,41,25,32,21
train_day_0017,train,55.906976744186046,12.526138166711727,5.825581395348837,2.231861567689243,49,33,53,31,42,53,30,19,34
train_day_0018,train,55.44186046511628,13.78139515261873,6.52906976744186,2.58107451389829,42,33,74,32,66,38,25,20,14
train_day_0019,train,54.88662790697674,14.81755111977442,5.316860465116279,1.9621877690463603,65,87,28,36,39,22,25,23,19
train_day_0020,train,50.19476744186046,14.228610076650444,5.563953488372093,2.244238763087307,48,51,41,34,32,61,34,33,10
train_day_0021,train,56.43895348837209,13.833595568277753,6.034883720930233,2.5629183693349513,46,40,42,53,38,26,33,49,17
train_day_0022,train,55.70639534883721,15.650186298972178,5.508720930232558,2.24772096283574,53,48,46,28,27,26,57,26,33
train_day_0023,train,56.872093023255815,15.213631060264946,5.648255813953488,2.1447874572751497,53,60,54,41,30,6,43,44,13
train_day_0024,train,53.36046511627907,11.601335920164713,6.005813953488372,2.6159108267979603,57,56,58,28,18,44,22,26,35
train_day_0025,train,54.48546511627907,15.630352787830445,5.444767441860465,2.1437785738792354,54,75,38,49,32,26,22,31,17
train_day_0026,train,52.281976744186046,14.445733281698468,5.613372093023256,2.357310800548793,76,51,60,34,25,52,31,4,11
train_day_0027,train,54.76744186046512,12.210055347763868,5.924418604651163,2.5891291544182415,61,30,61,34,38,25,41,28,26
train_day_0028,train,57.80232558139535,13.86275734128312,5.575581395348837,2.1660936894053715,78,70,56,23,38,20,25,0,34
train_day_0029,train,53.97674418604651,12.746843425203442,6.023255813953488,2.684913684403794,50,82,33,48,41,29,16,30,15
train_day_0030,train,54.25,11.814764610041864,5.883720930232558,2.5763621578946725,86,47,37,49,3,57,15,35,15
train_day_0031,train,55.60755813953488,16.750392250599546,5.813953488372093,2.444793366010271,44,58,56,56,24,10,46,44,6
train_day_0032,train,55.79360465116279,13.67504367688197,5.872093023255814,2.4294535304185083,62,40,42,40,20,72,25,20,23
train_day_0033,train,53.23837209302326,12.41511333860404,5.8313953488372094,2.514042497832644,66,22,78,32,34,29,37,27,19
train_day_0034,train,57.50581395348837,14.677342566098128,5.537790697674419,2.101707999302489,28,65,66,49,47,6,27,40,16
train_day_0035,train,55.13081395348837,15.444867568911059,5.892441860465116,2.260003825910793,33,45,63,52,51,23,18,34,25
train_day_0036,train,54.24418604651163,16.49872161820891,5.752906976744186,2.320282844766725,42,62,49,55,42,15,36,41,2
train_day_0037,train,56.14825581395349,12.986513459798822,5.688953488372093,2.1658810598180427,24,57,55,40,51,48,44,0,25
train_day_0038,train,56.67732558139535,13.323259860582223,5.453488372093023,2.083473043810118,52,36,41,34,67,49,17,16,32
train_day_0039,train,55.98255813953488,14.46486273426189,6.401162790697675,2.699396753714486,55,35,67,16,68,38,27,25,13
train_day_0040,train,57.57267441860465,13.825551750999963,5.944767441860465,2.4695533099262863,55,58,42,28,64,28,36,18,15
train_day_0041,train,57.098837209302324,11.701550227114579,5.784883720930233,2.377267213647601,57,45,61,22,7,79,28,12,33
train_day_0042,train,53.33720930232558,14.431965864830556,5.473837209302325,2.167254006107166,87,61,43,44,16,40,31,4,18
train_day_0043,train,55.68604651162791,14.78293455770442,5.575581395348837,2.2887711766772907,56,68,22,50,36,27,32,30,23
train_day_0044,train,53.94767441860465,11.72369124687853,5.255813953488372,2.0808431123969804,62,63,22,50,14,45,22,37,29
train_day_0045,train,54.51162790697674,12.950032940648157,5.953488372093023,2.5763096770750162,69,67,28,53,47,25,15,28,12
train_day_0046,train,56.700581395348834,13.093820649331622,5.784883720930233,2.534690359597661,59,32,29,41,76,29,49,18,11
train_day_0047,train,52.718023255813954,16.459220948514464,5.531976744186046,2.396489836060835,37,69,42,68,41,14,30,33,10
train_day_0048,train,54.63662790697674,13.946281750900498,5.9476744186046515,2.450117545551644,62,34,47,35,22,67,25,18,34
train_day_0049,train,55.35755813953488,15.080503001607854,5.613372093023256,2.3794044156415883,40,75,37,43,33,30,38,29,19
train_day_0050,train,56.991279069767444,13.637219700315685,5.912790697674419,2.5319951004594534,51,77,49,47,37,27,8,37,11
train_day_0051,train,57.60174418604651,13.417322081605406,6.0145348837209305,2.436953472171209,67,37,57,19,45,39,25,32,23
train_day_0052,train,56.20348837209303,14.093928658843225,5.875,2.492794849720028,50,71,35,55,41,25,18,35,14
train_day_0053,train,55.741279069767444,13.324437009487287,5.526162790697675,2.282239653052305,79,55,44,30,14,47,21,16,38
train_day_0054,train,53.73837209302326,11.457004241385624,5.930232558139535,2.46152107291982,70,49,57,38,21,59,4,31,15
train_day_0055,train,54.66279069767442,13.598572484174776,5.633720930232558,2.3239456456596677,56,61,70,38,13,48,24,4,30
train_day_0056,train,55.44476744186046,12.996528000285146,6.093023255813954,2.6909750414817624,66,30,53,44,43,36,24,18,30
train_day_0057,train,55.61918604651163,12.998335467238682,5.604651162790698,2.3956310513362764,35,68,36,37,49,25,69,4,21
train_day_0058,train,53.47093023255814,14.838051071477807,5.843023255813954,2.27698498619691,79,59,56,28,15,60,26,0,21
train_day_0059,train,53.57267441860465,11.657438879083953,5.877906976744186,2.537436041709284,59,68,54,36,8,36,24,25,34
train_day_0060,train,53.80232558139535,12.271937895375377,5.979651162790698,2.51209721875013,92,52,78,27,16,40,18,18,3
train_day_0061,train,56.218023255813954,15.491618913386642,5.805232558139535,2.394246119512452,46,48,53,62,49,10,39,37,0
train_day_0062,train,53.66279069767442,10.671479556881357,5.578488372093023,2.3026026818211407,73,59,43,45,23,42,2,26,31
train_day_0063,train,57.52906976744186,13.534592770388358,5.273255813953488,1.998774299915096,51,33,35,52,60,41,23,16,33
train_day_0064,train,56.968023255813954,13.547145096976298,5.619186046511628,2.0609276050588656,73,46,48,21,51,42,30,18,15
train_day_0065,train,57.30523255813954,12.678372743023175,5.90406976744186,2.325187103202653,31,44,60,63,41,33,24,14,34
train_day_0066,train,57.473837209302324,13.535457799201485,6.200581395348837,2.798026652902281,50,62,55,61,32,13,27,31,13
train_day_0067,train,56.997093023255815,12.422667425641357,5.630813953488372,2.232238273476365,72,51,43,16,51,27,41,15,28
train_day_0068,train,51.854651162790695,13.8424201152022,5.625,2.2520178290425634,52,64,46,28,37,34,38,31,14
train_day_0069,train,54.2906976744186,13.200040767264184,5.622093023255814,2.3704038103042304,48,71,33,47,47,22,43,14,19
train_day_0070,train,56.098837209302324,12.519593891419056,5.9186046511627906,2.5264420992590746,60,28,67,45,42,20,44,25,13
train_day_0071,train,53.98837209302326,11.405317187198984,5.9476744186046515,2.52375812168826,57,69,48,38,28,33,16,24,31
train_day_0072,train,54.09011627906977,13.894348691747826,5.811046511627907,2.4451649152875046,54,52,63,47,54,15,29,10,20
train_day_0073,train,56.53779069767442,15.45675782823952,5.723837209302325,2.3345014250866813,56,63,63,25,44,18,36,27,12
train_day_0074,train,56.24418604651163,13.012012380794326,5.700581395348837,2.3453069688760397,62,66,57,34,18,47,20,8,32
train_day_0075,train,54.174418604651166,12.848347880822288,5.8313953488372094,2.501290905220044,52,52,55,54,55,23,27,10,16
train_day_0076,train,53.84011627906977,14.232721715411273,5.424418604651163,1.954448476687467,65,46,55,29,27,29,49,28,16
train_day_0077,train,54.58139534883721,11.35854878983848,5.848837209302325,2.4016343362650145,64,59,43,59,25,36,6,25,27
train_day_0078,train,55.46220930232558,14.24857282948446,5.563953488372093,2.1891600168174135,55,51,65,35,48,14,45,20,11
train_day_0079,train,56.73837209302326,13.007874793841015,5.659883720930233,2.399858520144831,82,43,77,38,12,23,16,31,22
train_day_0080,train,55.531976744186046,14.241648741742653,5.8226744186046515,2.341599991865334,49,13,49,52,52,35,59,20,15
train_day_0081,train,54.799418604651166,13.941860162053647,5.811046511627907,2.4140564766084642,39,86,33,33,55,10,43,32,13
train_day_0082,train,56.473837209302324,14.63825075874248,5.450581395348837,2.173545947883514,40,65,56,51,41,21,35,28,7
train_day_0083,train,55.770348837209305,13.2751360478006,6.0145348837209305,2.4547813604989126,55,44,62,46,38,19,28,31,21
train_day_0084,train,54.44476744186046,13.589598298796801,5.555232558139535,2.1599893554562146,66,54,48,34,47,31,11,35,18
train_day_0085,train,52.968023255813954,14.352360661493938,5.537790697674419,2.0456339786963813,40,38,52,30,33,44,60,24,23
train_day_0086,train,56.13662790697674,14.094219754546677,6.270348837209302,2.3905443321331643,53,32,70,22,75,22,34,27,9
train_day_0087,train,56.95348837209303,14.173679321392832,5.6395348837209305,2.339811116893117,56,62,33,40,43,23,37,23,27
train_day_0088,train,55.979651162790695,13.98700160262381,5.593023255813954,2.1451833931290913,44,21,55,41,67,32,47,23,14
train_day_0089,train,56.95348837209303,14.164446957036551,5.811046511627907,2.3886346830353653,57,56,60,33,46,30,28,0,34
train_day_0090,train,56.03779069767442,14.220901412338401,5.619186046511628,2.247164474329599,50,29,45,40,56,40,57,18,9
train_day_0091,train,55.395348837209305,14.525462062672105,5.84593023255814,2.509768301131613,59,38,48,57,42,31,33,31,5
train_day_0092,train,56.34593023255814,14.13204283179837,5.6686046511627906,2.225787638374595,33,16,63,49,62,29,43,28,21
train_day_0093,train,57.17732558139535,14.061759865745957,5.578488372093023,2.138979879354501,59,49,44,12,36,64,37,26,17
train_day_0094,train,53.723837209302324,10.829917183711856,5.787790697674419,2.3111891136346316,76,54,51,51,17,40,2,23,30
train_day_0095,train,53.383720930232556,13.529828033637179,5.744186046511628,2.414520254296897,49,40,48,67,49,20,43,10,18
train_day_0096,train,56.86918604651163,14.120032916747675,6.122093023255814,2.4547486568059997,47,41,52,32,49,18,34,43,28
train_day_0097,train,57.81686046511628,13.856140252662724,5.584302325581396,2.199071707270029,53,27,54,31,49,41,33,21,35
train_day_0098,train,54.43604651162791,13.200003636281192,5.9273255813953485,2.432330170184026,65,35,57,43,56,32,16,21,19
train_day_0099,train,55.83720930232558,12.827441936357035,5.738372093023256,2.33928376062195,94,52,67,20,17,32,34,19,9
train_day_0100,train,55.97093023255814,12.070012487990589,5.930232558139535,2.4041664303842363,60,27,54,27,65,40,34,15,22
train_day_0101,train,53.604651162790695,11.304998966054734,5.424418604651163,2.220435534823074,67,64,32,51,21,34,17,33,25
train_day_0102,train,51.854651162790695,14.66929364492726,5.348837209302325,1.8678270042177982,59,57,54,44,31,30,36,22,11
train_day_0103,train,53.59011627906977,12.042705791356727,5.363372093023256,2.1003726748305143,61,41,68,42,10,31,37,37,17
train_day_0104,train,54.241279069767444,12.125191659622754,5.938953488372093,2.4481352794880182,92,50,78,34,14,34,22,14,6
train_day_0105,train,57.61046511627907,14.905107046336052,5.7354651162790695,2.245750072541023,32,60,53,52,41,7,30,47,22
train_day_0106,train,56.68023255813954,12.978607799414888,5.7063953488372094,2.343562391085119,62,45,35,28,43,55,36,30,10
train_day_0107,train,52.04360465116279,14.107595876870539,5.383720930232558,2.137258647607076,85,41,57,34,16,57,36,6,12
train_day_0108,train,55.68313953488372,14.68253809894739,5.747093023255814,2.3246636997484322,44,46,32,43,50,51,43,25,10
train_day_0109,train,57.979651162790695,13.825622652841997,5.755813953488372,2.3199641462327176,59,70,74,32,32,20,21,0,36
train_day_0110,train,57.66279069767442,14.342861821661055,5.7645348837209305,2.4553733941291043,41,60,35,60,34,20,74,0,20
train_day_0111,train,56.10174418604651,14.704594970174622,5.453488372093023,2.1166943114215444,48,21,49,66,46,28,55,17,14
train_day_0112,train,57.81976744186046,14.55251372649654,5.633720930232558,2.363634886273351,49,66,30,39,56,19,65,2,18
train_day_0113,train,55.752906976744185,12.805567136562953,5.5726744186046515,2.129651638953911,65,53,69,39,23,26,27,33,9
train_day_0114,train,55.05232558139535,13.516684149806293,5.578488372093023,2.3376847109916956,59,63,60,39,17,49,19,9,29
train_day_0115,train,55.27906976744186,14.999535777925665,5.546511627906977,2.2844620594414744,56,70,32,37,30,28,30,37,24
train_day_0116,train,57.81395348837209,14.357367145360389,5.575581395348837,2.0700205619982928,51,26,45,21,42,63,27,21,48
train_day_0117,train,57.656976744186046,14.866804294457223,6.3604651162790695,2.4455122196024672,41,31,79,22,67,22,45,25,12
train_day_0118,train,55.9156976744186,13.770392408039429,5.77906976744186,2.4561321587363767,48,71,42,60,38,22,15,32,16
train_day_0119,train,56.83139534883721,13.199081730109786,6.162790697674419,2.585111509071141,53,44,48,29,51,39,31,41,8
train_day_0120,train,55.76162790697674,13.06584993635015,5.671511627906977,2.1926680240789485,65,41,33,32,56,37,35,23,22
train_day_0121,train,58.0843023255814,12.901973351922393,5.7645348837209305,2.3649126818910613,80,27,42,26,43,40,40,19,27
train_day_0122,train,53.9156976744186,12.33973483947687,5.924418604651163,2.379683194007117,63,46,25,45,62,44,12,31,16
train_day_0123,train,55.65988372093023,13.981841046737966,5.90406976744186,2.58339639338702,63,82,36,50,55,10,9,28,11
train_day_0124,train,56.41279069767442,14.045956933064222,5.892441860465116,2.6463117976422814,62,59,63,48,41,20,32,0,19
train_day_0125,train,55.616279069767444,12.53846973773038,5.683139534883721,2.2699133072411555,58,53,69,45,21,40,30,22,6
train_day_0126,train,55.02325581395349,12.713275193429173,5.825581395348837,2.5008922150468167,59,45,70,25,15,59,21,13,37
train_day_0127,train,57.44476744186046,13.462798719602153,5.674418604651163,2.380599203762824,59,56,66,28,14,70,17,11,23
train_day_0128,train,53.73837209302326,10.964855788663977,5.718023255813954,2.4445289267827803,53,83,42,53,32,15,8,22,36
train_day_0129,train,56.122093023255815,13.369619336415266,5.738372093023256,2.3689203018317233,49,61,33,40,66,24,18,21,32
train_day_0130,train,53.7093023255814,13.371147590440524,5.9476744186046515,2.607601889653976,103,47,48,23,9,45,22,30,17
train_day_0131,train,56.127906976744185,14.178510197944183,5.616279069767442,2.331127108619062,36,59,37,51,42,29,74,3,13
train_day_0132,train,56.56395348837209,12.757874110203083,5.8604651162790695,2.4797448794962307,65,52,43,41,63,25,35,11,9
train_day_0133,train,54.71511627906977,14.624970820418996,6.122093023255814,2.4153530803952,23,58,65,54,31,31,33,32,17
train_day_0134,train,57.26453488372093,13.975573304958603,5.767441860465116,2.4621526722572495,58,54,50,49,42,32,41,0,18
train_day_0135,train,55.354651162790695,14.49646434019981,6.465116279069767,2.5629183693349513,48,34,87,26,66,19,31,26,7
train_day_0136,train,56.343023255813954,15.443023868684575,5.549418604651163,2.242014176796434,39,76,47,49,36,6,39,35,17
train_day_0137,train,58.06104651162791,13.410309079304914,5.776162790697675,2.3549579903450266,39,48,42,59,55,12,57,3,29
train_day_0138,train,53.19767441860465,11.24445058730198,5.784883720930233,2.498884283214768,62,52,36,59,14,36,21,34,30
train_day_0139,train,55.883720930232556,13.908687769052971,5.924418604651163,2.4411889995956666,51,37,51,61,43,24,38,29,10
train_day_0140,train,54.23255813953488,11.595582978820547,5.973837209302325,2.6063231111175953,56,69,47,34,21,27,36,29,25
train_day_0141,train,55.80232558139535,13.173104883287378,5.752906976744186,2.3352687043634255,60,25,57,21,58,36,45,17,25
train_day_0142,train,54.47093023255814,13.805302034035563,5.409883720930233,2.0383007025267488,61,49,56,47,20,43,31,28,9
train_day_0143,train,56.09011627906977,13.552246702453198,5.680232558139535,2.4213353882095277,72,44,69,38,11,30,16,38,26
train_day_0144,train,55.575581395348834,14.590140315617985,5.924418604651163,2.458986180130436,59,52,48,51,34,20,31,36,13
train_day_0145,train,52.299418604651166,13.473073910292781,5.476744186046512,2.3088643346794044,102,57,43,35,28,44,26,2,7
train_day_0146,train,53.47093023255814,12.741813297620224,5.816860465116279,2.4265142774501762,76,63,72,24,26,38,16,12,17
train_day_0147,train,54.645348837209305,15.2927567364175,5.398255813953488,2.1407174910341826,51,82,38,41,32,22,35,29,14
train_day_0148,train,54.80813953488372,13.275188564475853,5.976744186046512,2.6235815400612044,61,33,60,32,47,44,29,16,22
train_day_0149,train,53.82848837209303,13.259581969053581,5.851744186046512,2.365841554318593,73,45,35,32,19,75,16,20,29
train_day_0150,train,56.19767441860465,14.42931428969308,6.200581395348837,2.729660450240534,45,65,49,66,19,14,31,39,16
train_day_0151,train,51.94186046511628,14.780451145805843,5.741279069767442,2.3673983839156807,97,66,33,46,14,36,32,8,12
train_day_0152,train,54.56686046511628,14.792996281366733,5.790697674418604,2.4369552059980712,36,53,49,50,42,22,54,31,7
train_day_0153,train,54.7093023255814,12.845111529719189,5.976744186046512,2.5890051253735256,45,14,63,46,64,40,19,26,27
train_day_0154,train,54.991279069767444,13.498166739995648,5.357558139534884,2.0707124018730747,82,35,51,36,14,53,24,25,24
train_day_0155,train,53.88662790697674,15.315915351280617,5.895348837209302,2.691628148094556,61,73,38,78,27,16,13,30,8
train_day_0156,train,51.97093023255814,13.104644714304763,5.924418604651163,2.4660690896653126,42,44,54,36,40,47,30,38,13
train_day_0157,train,55.63081395348837,13.93278229907055,5.9854651162790695,2.3370917909831443,40,50,57,54,43,19,31,30,20
train_day_0158,train,54.22674418604651,13.228131795345265,5.563953488372093,2.2584421874636815,35,55,58,55,61,20,32,10,18
train_day_0159,train,54.497093023255815,14.429056308993003,5.6686046511627906,2.159498306719075,82,55,39,48,14,49,26,3,28
train_day_0160,train,56.45348837209303,15.00709675278797,5.767441860465116,2.2447583316584496,55,53,39,66,33,24,34,34,6
train_day_0161,train,55.343023255813954,14.554381108950508,5.752906976744186,2.2670523666662707,47,50,56,60,44,16,25,26,20
train_day_0162,train,55.43604651162791,13.145495406648195,5.636627906976744,2.3708369194771883,69,65,61,28,41,31,26,0,23
train_day_0163,train,52.718023255813954,11.497680283710967,5.540697674418604,2.438445840674254,63,61,30,58,20,33,24,28,27
train_day_0164,train,52.66279069767442,13.271415747121207,5.59593023255814,2.3444853047032974,58,59,27,41,42,41,27,35,14
train_day_0165,train,54.33139534883721,13.241739519219598,6.017441860465116,2.4111510259367015,54,50,53,55,33,33,24,34,8
train_day_0166,train,54.883720930232556,12.92569876177917,5.5523255813953485,2.3359290141425606,77,49,57,24,12,54,26,24,21
train_day_0167,train,55.20639534883721,14.093576997621481,6.398255813953488,2.588233074162203,44,35,77,25,57,41,28,23,14
train_day_0168,train,55.5843023255814,13.421775438018594,5.465116279069767,2.1751646525145962,65,46,46,19,15,91,18,18,26
train_day_0169,train,57.2093023255814,13.46085304241635,5.578488372093023,2.050156555248302,58,35,53,22,46,49,33,23,25
train_day_0170,train,55.01744186046512,13.807848222141262,5.872093023255814,2.3737739142550702,61,55,37,38,60,42,12,18,21
train_day_0171,train,52.258720930232556,13.564657162839607,5.805232558139535,2.4941504713676936,66,25,59,39,34,37,49,18,17
train_day_0172,train,56.91279069767442,13.159948898179817,6.040697674418604,2.3951442111739687,73,37,44,15,59,28,35,21,32
train_day_0173,train,53.59011627906977,13.359432517729992,5.726744186046512,2.457968740628745,104,39,47,22,11,48,28,36,9
train_day_0174,train,54.36046511627907,10.934969285372453,5.886627906976744,2.435552136658953,86,49,67,52,16,37,9,28,0
train_day_0175,train,55.05523255813954,13.292543654484714,5.9186046511627906,2.545927510792663,50,32,70,45,35,20,43,34,15
train_day_0176,train,59.122093023255815,14.191267386595825,5.7645348837209305,2.4458836596800966,46,24,48,45,54,50,28,11,38
train_day_0177,train,54.9156976744186,14.259896118273375,5.729651162790698,2.3389134565824294,40,44,45,36,64,29,35,30,21
train_day_0178,train,58.04360465116279,13.343226869298137,5.575581395348837,2.258082951414279,63,76,47,34,34,23,37,0,30
train_day_0179,train,55.38662790697674,14.827847239072424,5.7354651162790695,2.458331423611961,58,60,54,44,47,19,32,26,4
train_day_0180,train,57.53488372093023,12.908621307337459,5.732558139534884,2.280730292082877,14,52,55,71,42,33,38,16,23
train_day_0181,train,55.968023255813954,15.07969606131983,5.662790697674419,2.26505539290692,50,67,50,26,54,21,38,26,12
train_day_0182,train,56.42732558139535,13.530777055705487,5.40406976744186,2.046575629945298,65,46,44,27,9,94,18,15,26
train_day_0183,train,53.63953488372093,16.160469132248746,5.965116279069767,2.6090079840617166,52,80,46,64,32,11,36,16,7
train_day_0184,train,54.94476744186046,13.273065770420814,6.002906976744186,2.4310235026458384,61,53,62,41,43,24,13,28,19
train_day_0185,train,55.5843023255814,13.496721741558739,5.587209302325581,2.2832706300712635,65,45,56,16,17,88,19,16,22
train_day_0186,train,57.17151162790697,13.717973358474579,5.953488372093023,2.484402397583895,57,49,59,42,32,17,39,27,22
train_day_0187,train,55.723837209302324,12.510549563952171,5.546511627906977,2.27425928009992,84,47,73,23,20,29,27,27,14
train_day_0188,train,55.01453488372093,12.105751002800545,5.77906976744186,2.388933608501956,83,44,80,27,18,20,23,33,16
train_day_0189,train,53.80523255813954,12.414117828405876,5.848837209302325,2.460229909186808,103,57,64,30,24,26,16,23,1
train_day_0190,train,57.43313953488372,13.145038657459757,5.811046511627907,2.279023418489313,59,49,48,17,44,56,31,18,22
train_day_0191,train,54.85755813953488,15.423104492184846,5.880813953488372,2.3772867645144395,64,55,44,67,37,19,26,25,7
train_day_0192,train,59.08139534883721,13.978567578309795,5.683139534883721,2.3664701225654916,47,50,34,60,39,13,69,10,22
train_day_0193,train,54.02325581395349,16.207037478153747,5.604651162790698,2.3416306670007083,48,44,39,79,36,17,41,30,10
train_day_0194,train,56.32267441860465,14.866771042145574,5.334302325581396,2.0675758419191337,50,63,68,48,31,17,31,33,3
train_day_0195,train,56.383720930232556,15.625648715576105,5.973837209302325,2.8236771624400046,59,75,49,70,24,13,22,28,4
train_day_0196,train,55.2093023255814,12.6561100962762,5.72093023255814,2.385280261387551,48,60,59,43,57,25,39,1,12
train_day_0197,train,55.75,13.526943397324416,6.5726744186046515,2.6894405592806345,44,16,79,32,59,34,22,39,19
train_day_0198,train,57.66279069767442,14.022706225491037,5.718023255813954,2.3635115379783618,70,47,46,25,14,73,23,18,28
train_day_0199,train,56.848837209302324,12.640620607612279,5.482558139534884,2.1579324655071024,92,42,62,33,14,27,21,36,17
train_day_0200,train,52.049418604651166,12.113100716344475,5.784883720930233,2.393111113265046,94,63,73,40,22,16,11,21,4
train_day_0201,train,57.491279069767444,14.516627779374616,5.712209302325581,2.4414711068318753,63,67,38,51,27,13,28,42,15
train_day_0202,train,56.718023255813954,12.56976441656053,5.6686046511627906,2.3378961735111123,85,42,82,32,12,33,10,32,16
train_day_0203,train,49.89244186046512,13.812176582432407,5.680232558139535,2.1491112152897425,52,58,44,24,39,47,26,39,15
train_day_0204,train,55.401162790697676,13.691433361234575,6.084302325581396,2.603974618842509,82,39,41,26,9,78,21,22,26
train_day_0205,train,57.84593023255814,14.125973345999089,5.747093023255814,2.372931836984489,53,62,26,34,61,35,22,22,29
train_day_0206,train,57.14825581395349,12.174057309558703,5.738372093023256,2.200986491545413,34,49,48,52,37,35,41,23,25
train_day_0207,train,53.11046511627907,12.054117593024284,5.558139534883721,2.2547348174029436,95,57,55,31,21,46,12,27,0
train_day_0208,train,54.55523255813954,14.859707360944004,5.709302325581396,2.381450989538938,50,56,58,32,52,22,35,28,11
train_day_0209,train,58.23255813953488,13.044355830677016,5.601744186046512,2.1837394276899413,83,49,72,20,10,37,26,34,13
train_day_0210,train,56.75,13.620318696541165,5.5523255813953485,2.1854820523109995,57,80,49,48,34,19,26,25,6
train_day_0211,train,55.89244186046512,13.563483417227689,6.0523255813953485,2.3680640088077665,49,41,63,48,67,30,30,0,16
train_day_0212,train,55.77325581395349,15.547406307421427,5.718023255813954,2.384328836268011,40,44,49,41,52,27,39,21,31
train_day_0213,train,58.06976744186046,13.468775861292318,5.808139534883721,2.3060443891469355,38,49,40,47,43,32,28,32,35
train_day_0214,train,55.98546511627907,12.933295696548678,6.4186046511627906,2.6576572839717567,59,53,35,39,47,36,26,28,21
train_day_0215,train,54.70639534883721,15.95955516171984,5.7936046511627906,2.3154849875177828,31,52,41,64,32,16,52,45,11
train_day_0216,train,53.901162790697676,13.378723078308234,5.729651162790698,2.4363153401093496,88,35,48,37,17,47,23,34,15
train_day_0217,train,57.22093023255814,15.662799330119684,6.273255813953488,2.714257122171165,57,65,50,57,24,13,25,40,13
train_day_0218,train,49.71220930232558,13.934909809469632,5.741279069767442,2.3784239928074067,54,67,67,41,27,19,31,26,12
train_day_0219,train,55.75581395348837,13.379249854272889,5.930232558139535,2.4234354707316705,85,41,46,20,17,73,24,14,24
train_day_0220,train,54.718023255813954,13.454018187694263,6.078488372093023,2.498185861520716,54,26,54,50,52,19,35,38,16
train_day_0221,train,52.401162790697676,14.420656971342433,5.781976744186046,2.5108186007696363,92,74,40,36,11,45,22,7,17
train_day_0222,train,54.86918604651163,13.359422396920467,5.959302325581396,2.5124285437936362,51,35,35,42,38,48,45,38,12
train_day_0223,train,57.93313953488372,13.389020819888724,5.601744186046512,2.328063718789773,48,47,41,27,47,43,25,14,52
train_day_0224,train,55.450581395348834,13.796397394150702,5.767441860465116,2.2421668226457374,46,22,47,58,72,31,33,20,15
train_day_0225,train,55.06395348837209,12.208055030419205,5.662790697674419,2.3233419450011743,37,53,55,39,72,23,24,23,18
train_day_0226,train,56.39244186046512,13.889934906677428,5.837209302325581,2.3233419450011743,52,57,71,33,41,25,44,0,21
train_day_0227,train,54.05813953488372,14.30287387869418,5.973837209302325,2.5039297804835123,49,47,39,39,55,29,30,32,24
train_day_0228,train,56.218023255813954,13.716041391061768,5.406976744186046,2.012333523241486,54,40,51,36,10,97,28,10,18
train_day_0229,train,53.59011627906977,11.32644651619181,5.462209302325581,2.0920035468214357,86,47,72,34,20,43,11,31,0
train_day_0230,train,55.94767441860465,14.46658721863805,5.767441860465116,2.2832780321724266,48,68,62,34,42,25,40,0,25
train_day_0231,train,51.98546511627907,16.552499927607137,5.796511627906977,2.421893727356545,45,66,53,63,37,14,29,26,11
train_day_0232,train,57.00581395348837,13.811857516583709,5.625,2.227356995644504,88,57,49,27,39,23,32,0,29
train_day_0233,train,56.48837209302326,13.880297384762827,5.744186046511628,2.171089355287458,20,63,50,51,37,40,46,12,25
train_day_0234,train,55.67151162790697,14.685845979499641,6.005813953488372,2.2567652633268684,22,55,64,62,48,17,24,31,21
train_day_0235,train,55.125,13.844823669583533,5.5436046511627906,2.1548659985266543,25,58,49,66,29,35,40,19,23
train_day_0236,train,57.68313953488372,15.027732329946858,5.563953488372093,2.0996906079228577,54,50,39,27,56,28,45,25,20
train_day_0237,train,54.43604651162791,13.636326423323037,5.665697674418604,2.208963789852227,87,56,61,32,19,38,29,1,21
train_day_0238,train,55.80813953488372,13.543570645918864,5.686046511627907,2.347743240522282,78,44,84,33,11,29,10,31,24
train_day_0239,train,56.651162790697676,13.597851610286078,5.648255813953488,2.4366621717444508,47,56,63,31,18,79,11,14,25
train_day_0240,train,53.718023255813954,12.428124549320088,5.674418604651163,2.41575189539799,73,43,60,38,8,53,40,17,12
train_day_0241,train,54.80813953488372,13.04145193725349,5.84593023255814,2.527082552606987,70,28,63,43,32,24,43,24,17
train_day_0242,train,54.55523255813954,10.888567529886263,5.773255813953488,2.413813176457178,70,69,36,44,2,54,22,29,18
train_day_0243,train,51.13662790697674,13.088759877872944,5.502906976744186,2.2059625153781854,48,54,50,41,32,38,32,36,13
train_day_0244,train,52.72674418604651,11.698776763908631,5.700581395348837,2.2542981451209436,80,43,69,41,28,38,15,30,0
train_day_0245,train,55.19186046511628,14.97239098766482,5.875,2.331299293387453,59,46,43,58,34,21,33,39,11
train_day_0246,train,53.96220930232558,11.865832902405984,6.212209302325581,2.653162177023464,69,56,63,29,22,34,20,22,29
train_day_0247,train,54.11046511627907,12.520657619531304,5.508720930232558,2.22301246296375,72,65,64,26,16,33,25,26,17
train_day_0248,train,57.450581395348834,13.955198235837223,5.523255813953488,2.1726457142561233,53,58,46,51,38,14,47,13,24
train_day_0249,train,53.531976744186046,15.496965968602284,5.590116279069767,2.205441470432265,95,33,53,19,21,61,43,0,19
train_day_0250,train,54.0843023255814,12.931230812540772,5.52906976744186,2.340063916791032,84,35,53,32,13,46,29,26,26
train_day_0251,train,54.77906976744186,11.05788276424066,5.880813953488372,2.454299367231175,62,75,39,28,41,27,10,11,51
train_day_0252,train,57.36337209302326,12.510179400351884,5.616279069767442,2.283248423623792,53,41,58,29,34,53,27,24,25
train_day_0253,train,55.31686046511628,13.450864739352038,5.6773255813953485,2.4131321557207555,56,54,55,42,53,28,23,23,10
train_day_0254,train,53.741279069767444,13.190241926701374,5.898255813953488,2.5320268064364386,54,59,65,40,52,24,23,5,22
train_day_0255,train,56.98546511627907,13.336752782580431,5.505813953488372,2.1349720683954057,54,53,43,57,47,14,31,29,16
train_day_0256,train,54.866279069767444,15.159984893417,5.723837209302325,2.3910957245992606,43,65,39,38,34,21,44,29,31
train_day_0257,train,56.031976744186046,13.234539933646092,5.462209302325581,2.2396458924647877,101,32,56,28,8,45,26,28,20
train_day_0258,train,56.69476744186046,14.26360535547077,5.3895348837209305,1.9823364808230037,41,34,46,38,75,39,24,15,32
train_day_0259,train,56.92151162790697,13.591943665226912,5.784883720930233,2.400388410520868,25,58,62,38,60,46,35,0,20
train_day_0260,train,54.54651162790697,11.757636782745973,5.694767441860465,2.3948531181566475,89,65,65,33,20,38,12,22,0
train_day_0261,train,56.031976744186046,15.011492521411368,5.613372093023256,2.353608367999841,48,47,46,30,31,30,48,30,34
train_day_0262,train,55.52906976744186,16.254490372638642,5.828488372093023,2.2052268867302103,28,58,61,42,48,8,34,44,21
train_day_0263,train,56.325581395348834,12.742705948680507,5.5145348837209305,2.2605870594680244,70,38,46,12,50,36,44,27,21
train_day_0264,train,55.14825581395349,14.331766528992018,5.520348837209302,2.1307941240868002,53,22,51,49,58,35,44,18,14
train_day_0265,train,52.85755813953488,14.909223416212086,5.863372093023256,2.5061427372929734,93,49,48,22,26,51,39,4,12
train_day_0266,train,52.61918604651163,12.732159585458104,6.0523255813953485,2.556943430729402,57,47,61,46,65,19,26,9,14
train_day_0267,train,52.895348837209305,11.417580354759163,6.008720930232558,2.5075315836595755,41,67,52,35,23,33,35,27,31
train_day_0268,train,56.73837209302326,13.64675332889425,6.049418604651163,2.5035787662311795,49,63,55,54,60,14,7,30,12
train_day_0269,train,57.29360465116279,14.939154299776694,5.726744186046512,2.2595494724126204,54,65,43,30,50,23,44,21,14
train_day_0270,train,53.31686046511628,14.731360138787917,5.752906976744186,2.488343226848436,82,72,37,41,16,51,23,7,15
train_day_0271,train,52.86046511627907,10.502671632093131,5.703488372093023,2.4050309515205344,65,64,51,49,26,31,1,22,35
train_day_0272,train,54.93023255813954,13.345838736243731,5.601744186046512,2.367683929576153,59,63,66,45,43,26,35,2,5
train_day_0273,train,53.26453488372093,11.44487893572642,5.921511627906977,2.5063180710198387,80,59,68,22,22,36,25,22,10
train_day_0274,train,55.17732558139535,13.18784049924519,5.837209302325581,2.4213702881780814,53,30,54,64,35,30,34,32,12
train_day_0275,train,54.97093023255814,14.136760313378847,6.875,2.7267116450678897,42,33,90,15,68,18,29,40,9
train_day_0276,train,55.950581395348834,12.844119082709279,5.622093023255814,2.2131163528713698,52,44,46,25,63,52,39,15,8
train_day_0277,train,55.468023255813954,14.921270935313807,6.046511627906977,2.4311781847787013,55,51,54,53,38,20,39,25,9
train_day_0278,train,57.27906976744186,13.424553314461042,5.863372093023256,2.4781478034946556,54,61,48,31,56,27,36,18,13
train_day_0279,train,55.156976744186046,16.116718466106498,5.642441860465116,2.297002817650473,34,68,38,48,42,20,47,39,8
train_day_0280,train,52.73546511627907,12.327758350424359,5.72093023255814,2.4796903538438944,62,25,69,31,30,34,51,25,17
train_day_0281,train,56.14825581395349,14.969294051480032,6.171511627906977,2.689817585862214,45,64,61,56,25,14,27,41,11
train_day_0282,train,56.44186046511628,15.535484252422716,5.872093023255814,2.2402061347631372,41,55,62,54,40,14,24,40,14
train_day_0283,train,54.133720930232556,11.669360701338098,5.811046511627907,2.4116468989631397,58,64,49,42,21,44,21,17,28
train_day_0284,train,54.031976744186046,12.618582672020736,5.741279069767442,2.338985715632744,49,49,61,37,53,36,25,15,19
train_day_0285,train,53.38662790697674,12.854912472494718,5.962209302325581,2.630605156817772,59,30,69,39,39,28,47,20,13
train_day_0286,train,58.7093023255814,13.3635361904419,5.744186046511628,2.284610019703775,49,50,35,63,36,21,55,9,26
train_day_0287,train,55.901162790697676,13.662314439992226,5.744186046511628,2.292231808317194,42,43,49,72,36,13,44,31,14
train_day_0288,train,55.7093023255814,14.690699699224176,5.700581395348837,2.2951920701160575,65,70,57,38,37,16,22,27,12
train_day_0289,train,57.80523255813954,13.703457230283012,5.622093023255814,2.1518462145054786,20,55,54,74,39,23,38,17,24
train_day_0290,train,54.42151162790697,11.217962238515002,5.7354651162790695,2.3899786692522595,58,61,51,42,29,37,26,18,22
train_day_0291,train,55.53779069767442,12.808689447072302,5.953488372093023,2.578565387801348,56,37,52,33,43,45,33,26,19
train_day_0292,train,58.26162790697674,14.561662540883512,5.8226744186046515,2.1486766746386694,32,47,60,53,42,6,35,47,22
train_day_0293,train,58.008720930232556,13.459129977800547,6.125,2.5595381351166226,58,29,48,32,53,40,32,24,28
train_day_0294,train,57.96511627906977,13.992479437198849,5.468023255813954,2.279616613914697,50,43,37,67,35,22,57,6,27
train_day_0295,train,54.69767441860465,13.545633268259657,5.65406976744186,2.311393860104299,40,70,35,52,55,19,36,20,17
train_day_0296,train,54.497093023255815,13.706643811405549,5.627906976744186,2.280078087340416,85,72,62,21,21,37,22,17,7
train_day_0297,train,53.83720930232558,10.827785602292641,5.688953488372093,2.395318850004213,95,39,65,48,23,47,7,20,0
train_day_0298,train,57.31976744186046,13.132024762561231,5.726744186046512,2.4721200965504333,46,54,79,35,13,66,18,14,19
train_day_0299,train,57.31395348837209,13.333391923433556,5.674418604651163,2.365900489685846,50,54,58,26,30,55,23,25,23
train_day_0300,train,56.11337209302326,14.632571433911524,5.72093023255814,2.293322778682828,46,61,52,28,56,34,40,0,27
train_day_0301,train,53.61918604651163,12.390815401507034,5.648255813953488,2.1569512786060216,64,44,63,35,54,32,28,8,16
train_day_0302,train,57.69767441860465,14.197174438370883,5.680232558139535,2.4747712963368005,57,64,48,53,39,24,35,0,24
train_day_0303,train,56.92151162790697,12.813837090067713,5.741279069767442,2.1874203222760165,25,70,41,60,32,36,49,10,21
train_day_0304,train,55.20639534883721,11.729552462049794,5.9563953488372094,2.4815282298066252,66,39,36,32,64,38,44,9,16
train_day_0305,train,52.38081395348837,14.1500588966739,5.392441860465116,1.8156461057991218,54,42,70,21,36,37,44,25,15
train_day_0306,train,55.07267441860465,12.71366038123347,6.055232558139535,2.4015199773748845,55,51,37,38,58,39,10,33,23
train_day_0307,train,55.93604651162791,14.659764686003642,5.438953488372093,2.1025441560331677,51,76,37,54,31,26,23,27,19
train_day_0308,train,56.29651162790697,13.470872519473685,5.799418604651163,2.448991180366792,81,54,67,17,11,37,31,26,20
train_day_0309,train,52.991279069767444,12.759512392858728,5.773255813953488,2.477992643090448,103,33,60,37,10,44,21,25,11
train_day_0310,train,56.27325581395349,15.037386929873994,5.848837209302325,2.4412513082932232,66,53,45,53,31,20,39,26,11
train_day_0311,train,56.383720930232556,13.329603881700697,5.523255813953488,2.2592278171773774,57,64,59,33,12,48,23,14,34
train_day_0312,train,55.74418604651163,14.476071713156731,6.258720930232558,2.851954571098291,48,63,55,62,23,12,33,36,12
train_day_0313,train,56.68604651162791,12.937247135294939,5.651162790697675,2.293912276360786,54,51,51,19,7,91,24,14,33
train_day_0314,train,56.299418604651166,13.41902501004149,6.119186046511628,2.6764006179404976,50,37,51,48,44,29,45,31,9
train_day_0315,train,53.68313953488372,12.707860391297823,5.930232558139535,2.5633403791547242,62,36,59,37,48,42,21,17,22
train_day_0316,train,54.60174418604651,13.389778181452924,5.520348837209302,2.2643968074452885,63,55,62,29,11,50,31,20,23
train_day_0317,train,56.54360465116279,13.98414238233009,5.869186046511628,2.352085524428035,33,46,58,60,55,16,31,27,18
train_day_0318,train,56.73837209302326,13.694385784002204,5.4273255813953485,2.1648507786904747,52,48,51,17,6,108,22,18,22
train_day_0319,train,55.19767441860465,13.195594549769394,5.465116279069767,2.1045226737086007,45,32,47,50,46,27,57,32,8
train_day_0320,train,55.91860465116279,13.519981006831875,6.537790697674419,2.6553526026809755,42,40,84,27,60,30,35,22,4
train_day_0321,train,56.43023255813954,14.0814001497889,5.686046511627907,2.2862665204406576,39,21,41,53,61,27,61,19,22
train_day_0322,train,54.299418604651166,14.136189731575326,5.508720930232558,2.3051849022904802,41,65,49,42,46,33,24,17,27
train_day_0323,train,56.77325581395349,14.113566987852707,5.566860465116279,2.2763075780378057,70,77,51,32,36,24,35,0,19
train_day_0324,train,58.08139534883721,13.025212685206416,5.930232558139535,2.5610712587564484,63,54,39,37,67,29,32,13,10
train_day_0325,train,57.002906976744185,12.307234246787544,5.959302325581396,2.295996409677159,35,52,47,58,47,33,23,20,29
train_day_0326,train,54.31686046511628,11.554026556928301,5.915697674418604,2.474612509341602,78,54,31,56,13,55,9,26,22
train_day_0327,train,54.104651162790695,11.301398421153971,5.796511627906977,2.388049105218433,56,70,29,52,35,26,11,17,48
train_day_0328,train,54.19186046511628,12.2554374749113,5.598837209302325,2.2546073853048743,90,28,59,33,17,72,22,12,11
train_day_0329,train,57.854651162790695,13.990105780945102,5.252906976744186,1.9432329608628716,57,29,52,28,37,55,28,27,31
train_day_0330,train,55.38953488372093,16.65307799658703,5.686046511627907,2.2230903898756793,35,61,49,46,36,9,38,50,20
train_day_0331,train,56.122093023255815,15.55138445315887,5.406976744186046,2.077721845971354,67,84,46,25,25,23,24,28,22
train_day_0332,train,56.354651162790695,13.439867428893024,5.723837209302325,2.3641979163032603,76,50,83,43,14,24,11,25,18
train_day_0333,train,56.049418604651166,13.903755545414002,5.648255813953488,2.305478153432509,42,61,75,29,16,58,22,14,27
train_day_0334,train,57.354651162790695,13.903188165215285,5.997093023255814,2.3421051782029942,41,51,71,29,64,23,45,0,20
train_day_0335,train,56.354651162790695,14.973691323620132,5.459302325581396,2.1656879194411176,54,55,62,43,32,18,44,32,4
train_day_0336,train,56.81104651162791,13.191866550676592,5.540697674418604,2.2743707490090705,57,37,43,28,52,47,24,15,41
train_day_0337,train,55.08720930232558,14.045956933064222,5.444767441860465,1.934201491839201,55,43,53,25,30,69,27,25,17
train_day_0338,train,54.825581395348834,11.972052592042461,5.462209302325581,2.240943479234309,64,59,36,41,21,50,22,27,24
train_day_0339,train,57.625,12.411620703533124,5.6104651162790695,2.1334832894723,53,52,61,17,6,87,34,15,19
train_day_0340,train,56.40406976744186,13.603269346938811,6.0145348837209305,2.5121375855599797,47,51,40,42,69,29,40,20,6
train_day_0341,train,54.502906976744185,12.602140494291369,5.6395348837209305,2.2277989486845238,60,60,50,48,67,18,27,5,9
train_day_0342,train,56.116279069767444,12.825681544655268,5.75,2.3168367569035877,67,57,68,23,16,47,13,16,37
train_day_0343,train,54.031976744186046,13.738277059282169,5.77906976744186,2.5479182692465647,92,40,51,38,15,35,24,33,16
train_day_0344,train,57.72674418604651,13.285364603784476,5.880813953488372,2.418505071183475,54,78,68,20,40,38,24,0,22
train_day_0345,train,54.6656976744186,14.873551838101491,5.863372093023256,2.4510192993391198,43,49,50,56,51,17,42,34,2
train_day_0346,train,55.718023255813954,14.932955619512933,5.718023255813954,2.336296174163853,76,42,35,35,11,77,23,29,16
train_day_0347,train,54.70348837209303,14.696914307324565,5.540697674418604,2.3927155880596067,56,87,35,79,22,12,12,33,8
train_day_0348,train,52.575581395348834,14.56900529753675,5.406976744186046,1.9640839451625316,44,40,56,34,32,45,61,14,18
train_day_0349,train,54.48255813953488,12.355901441524463,5.598837209302325,2.300555756214719,63,63,40,32,52,29,33,18,14
train_day_0350,train,55.08720930232558,14.23079935743391,5.534883720930233,2.14013515340767,94,60,39,24,15,55,33,2,22
train_day_0351,train,55.008720930232556,13.846015067437328,5.578488372093023,2.287402821644986,43,78,37,46,47,16,38,24,15
train_day_0352,train,57.13953488372093,13.783131576776615,5.9563953488372094,2.5036867758580095,58,59,60,28,47,19,41,0,32
train_day_0353,train,54.88662790697674,15.173663161717666,5.997093023255814,2.511020531103986,72,41,42,32,19,56,26,22,34
train_day_0354,train,53.72674418604651,13.166456008291682,5.883720930232558,2.615555455486409,40,47,61,56,51,38,37,5,9
train_day_0355,train,56.52325581395349,14.573571767100825,5.819767441860465,2.320801774419623,46,59,43,37,55,20,39,30,15
train_day_0356,train,55.17151162790697,16.634833235856274,5.784883720930233,2.362547769511415,45,54,55,60,32,15,43,32,8
train_day_0357,train,55.325581395348834,15.623619463078832,5.694767441860465,2.470141803077722,55,68,39,31,41,28,34,21,27
train_day_0358,train,57.13953488372093,12.64719179299433,5.593023255813954,2.1721166773275056,69,55,39,28,40,49,28,21,15
train_day_0359,train,53.491279069767444,11.741148798485034,5.584302325581396,2.451598453737211,53,73,29,62,18,35,18,29,27
train_day_0360,train,52.81395348837209,14.092725839213363,5.665697674418604,2.286560349997489,44,52,41,32,44,42,35,37,17
train_day_0361,train,55.31976744186046,14.779663272806475,5.944767441860465,2.3784097808097737,49,51,49,35,69,25,25,25,16
train_day_0362,train,52.700581395348834,12.066212663220902,5.813953488372093,2.417290564300302,104,57,62,22,26,41,8,22,2
train_day_0363,train,55.89825581395349,12.637780079187486,5.8604651162790695,2.473876492459944,84,55,72,21,23,31,32,16,10
train_day_0364,train,53.97674418604651,11.512356096301383,5.744186046511628,2.392750905468276,104,44,66,33,28,28,17,23,1
train_day_0365,train,56.85755813953488,15.033685079200419,5.593023255813954,2.3045854542060784,55,54,36,52,35,16,40,33,23
train_day_0366,train,53.29360465116279,12.54820309685727,5.723837209302325,2.496954269637708,82,34,58,24,31,45,25,28,17
train_day_0367,train,55.18023255813954,13.95016312122218,5.662790697674419,1.9977339785906911,47,66,26,45,66,27,19,28,20
train_day_0368,train,54.85174418604651,16.508581185909602,5.808139534883721,2.3841392145769307,41,73,40,67,46,10,34,26,7
train_day_0369,train,55.01744186046512,14.099510892559731,5.569767441860465,2.0883992850563056,39,14,66,50,57,32,45,22,19
train_day_0370,train,53.73546511627907,12.523341848833187,5.578488372093023,2.132173810185637,47,56,67,38,27,43,28,30,8
train_day_0371,train,57.83720930232558,14.016693091997922,5.7936046511627906,2.512958236722857,31,60,35,50,61,10,74,5,18
train_day_0372,train,53.31395348837209,11.415525564108442,5.9186046511627906,2.452882102984397,71,67,39,40,30,12,16,25,44
train_day_0373,train,52.93313953488372,12.74406635860874,5.718023255813954,2.235839325137489,58,50,40,31,40,44,23,42,16
train_day_0374,train,54.47674418604651,13.4280829851282,5.959302325581396,2.4252968126663337,61,42,53,28,26,64,27,18,25
train_day_0375,train,56.60755813953488,15.047987228154893,5.901162790697675,2.4188212671333114,53,55,56,44,37,14,47,32,6
train_day_0376,train,54.54651162790697,15.278733492458912,5.171511627906977,1.9175450738717743,56,91,40,39,22,20,27,25,24
train_day_0377,train,53.43313953488372,14.867873728717504,5.694767441860465,2.1424221386867988,79,62,46,33,11,64,27,5,17
train_day_0378,train,56.93604651162791,14.46633954111291,6.226744186046512,2.7609791159560166,39,61,64,61,37,11,35,26,10
train_day_0379,train,57.17732558139535,13.111128676550562,5.979651162790698,2.4981723308434254,58,38,51,43,39,27,28,44,16
train_day_0380,train,53.424418604651166,13.08625620283225,5.625,2.250726626855694,71,70,37,43,25,45,26,4,23
train_day_0381,train,57.377906976744185,15.00337869826126,5.505813953488372,2.251606901704936,50,55,37,39,34,38,37,25,29
train_day_0382,train,56.19767441860465,11.477804432541582,5.593023255813954,2.226311513007005,84,45,69,30,18,16,26,36,20
train_day_0383,train,56.401162790697676,13.150364697268802,5.642441860465116,2.3631253625607624,84,38,74,36,9,36,12,36,19
train_day_0384,train,55.622093023255815,14.554715540211117,5.991279069767442,2.338364214828356,22,60,45,62,56,27,25,32,15
train_day_0385,train,56.60755813953488,15.156741184688846,5.875,2.3916187230156627,78,57,54,49,25,16,34,23,8
train_day_0386,train,55.6656976744186,14.170120384899796,5.450581395348837,2.082010351520836,57,49,52,14,15,84,28,19,26
train_day_0387,train,51.75581395348837,13.776822503428289,5.863372093023256,2.4127679320864908,51,64,36,40,39,32,25,40,17
train_day_0388,train,53.77325581395349,11.599708541031744,5.709302325581396,2.284254898973178,98,57,59,34,17,39,10,30,0
train_day_0389,train,54.98255813953488,14.219612167710771,6.587209302325581,2.7073241106142922,47,31,73,19,66,38,35,25,10
train_day_0390,train,55.01162790697674,12.810328487379628,6.1976744186046515,2.7250763481596403,57,88,28,47,48,20,11,31,14
train_day_0391,train,55.05813953488372,13.892950070267604,5.997093023255814,2.2957221928394365,79,55,47,25,51,26,16,29,16
train_day_0392,train,57.55813953488372,14.280092380623266,6.770348837209302,2.6908855409681904,51,22,75,23,64,28,34,36,11
train_day_0393,train,50.825581395348834,13.52447553938665,5.683139534883721,2.2941167229828454,59,51,41,45,35,37,37,24,15
train_day_0394,train,54.76453488372093,14.442339979587533,5.494186046511628,2.172762396237328,57,13,35,52,60,41,49,18,19
train_day_0395,train,55.52906976744186,11.457924710415545,5.648255813953488,2.3342987054332034,86,50,34,40,3,54,20,27,30
train_day_0396,train,56.06976744186046,13.278143168095013,5.468023255813954,2.1832130789953546,68,35,49,29,7,81,31,10,34
train_day_0397,train,55.23837209302326,15.2887378264742,6.008720930232558,2.6648955197947988,55,73,32,70,32,12,21,42,7
train_day_0398,train,56.008720930232556,14.562712603219929,5.558139534883721,2.1719921793233152,50,62,64,30,47,22,34,19,16
train_day_0399,train,53.19476744186046,11.826009787923239,5.662790697674419,2.2981816124132566,77,15,65,24,39,32,41,33,18
train_day_0400,train,56.276162790697676,12.573361992221997,5.549418604651163,2.0736160162647472,22,68,48,64,26,28,43,11,34
train_day_0401,train,52.98255813953488,16.33834619068343,5.784883720930233,2.555250747349077,32,65,56,65,36,16,28,33,13
train_day_0402,train,57.39244186046512,14.84885285961915,5.598837209302325,2.4067731067661273,71,25,49,36,46,40,29,17,31
train_day_0403,train,55.93313953488372,12.805960436510034,5.523255813953488,2.2437341393417345,71,60,56,42,16,46,17,6,30
train_day_0404,train,55.48255813953488,13.024562590168793,5.534883720930233,2.256503131357902,77,48,84,34,13,23,19,31,15
train_day_0405,train,56.22674418604651,14.050605585050498,5.563953488372093,2.251997190645201,55,48,73,33,19,53,15,15,33
train_day_0406,train,54.47674418604651,12.514388689959906,5.808139534883721,2.252477453428654,59,43,37,33,66,46,18,29,13
train_day_0407,train,54.8343023255814,12.517610296558454,6.063953488372093,2.629546463268491,56,75,38,35,50,31,18,34,7
train_day_0408,train,53.55813953488372,14.643321083436742,5.659883720930233,2.43114863951372,83,64,44,37,20,45,26,6,19
train_day_0409,train,53.45348837209303,12.001363272120367,6.061046511627907,2.5402103598433086,74,59,50,40,16,59,3,31,12
train_day_0410,train,57.52325581395349,13.972753173950387,5.755813953488372,2.338684019300359,54,49,64,40,33,21,36,44,3
train_day_0411,train,57.55232558139535,13.453306213717255,6.011627906976744,2.5619949805086333,64,71,58,27,45,32,23,0,24
train_day_0412,train,55.604651162790695,15.095455245349811,5.52906976744186,2.323858373334862,46,51,46,45,30,21,44,26,35
train_day_0413,train,57.55232558139535,13.610129835036656,5.555232558139535,2.1933770430305537,61,36,33,36,53,40,23,22,40
train_day_0414,train,55.34011627906977,15.367513907831983,6.008720930232558,2.4190221436403574,45,37,54,54,50,39,27,27,11
train_day_0415,train,57.02325581395349,13.212684835508119,6.453488372093023,2.7115471287182418,41,24,74,29,72,30,35,23,16
train_day_0416,train,53.151162790697676,13.312668771163374,6.005813953488372,2.572206303489726,54,18,63,36,54,20,46,40,13
train_day_0417,train,52.98837209302326,11.296474224644538,6.005813953488372,2.5846080468969315,66,72,60,58,26,26,6,12,18
train_day_0418,train,54.16279069767442,14.553118793942799,5.415697674418604,2.078093961602893,92,61,47,31,13,48,25,3,24
train_day_0419,train,53.627906976744185,14.562253300936948,5.744186046511628,2.4420542558760867,86,44,40,37,24,60,41,3,9
train_day_0420,train,55.270348837209305,12.803281006424696,5.421511627906977,2.186029116086156,60,66,47,26,24,54,25,7,35
train_day_0421,train,54.92151162790697,13.688273798234976,5.880813953488372,2.5174468956391993,65,53,48,32,20,72,19,14,21
train_day_0422,train,53.95348837209303,15.206070526421874,5.209302325581396,1.929672095712465,60,80,35,42,26,26,29,27,19
train_day_0423,train,56.03488372093023,13.445149271762197,6.0,2.536936442173494,50,40,66,42,31,25,33,39,18
train_day_0424,train,56.23837209302326,12.750792666692869,6.011627906976744,2.609215270280139,60,24,81,31,54,30,21,22,21
train_day_0425,train,55.09593023255814,14.187678315888492,6.430232558139535,2.5948997277504775,49,29,80,25,70,28,38,18,7
train_day_0426,train,53.83720930232558,11.574189875830356,5.441860465116279,2.2994167671177204,55,72,26,54,18,38,32,30,19
train_day_0427,train,56.502906976744185,13.950701938352134,5.651162790697675,2.208690245690003,44,51,36,46,36,42,41,26,22
train_day_0428,train,55.83139534883721,12.584853960844852,5.656976744186046,2.3036392188495918,55,63,60,41,15,55,11,9,35
train_day_0429,train,55.38953488372093,14.436287684486212,5.619186046511628,2.254912835481508,48,55,50,37,53,22,32,27,20
train_day_0430,train,54.104651162790695,13.08805515227569,5.880813953488372,2.5598154526123964,88,42,55,24,12,56,27,25,15
train_day_0431,train,54.06104651162791,16.344200844042355,5.738372093023256,2.3848196560283843,30,66,51,59,40,12,42,32,12
train_day_0432,train,55.127906976744185,13.815264991379802,5.875,2.2935862291829525,32,47,66,46,41,25,24,38,25
train_day_0433,train,55.44767441860465,12.259673226270225,5.398255813953488,1.8835571813697225,51,47,78,39,17,48,24,33,7
train_day_0434,train,54.372093023255815,12.059490628708364,5.709302325581396,2.2893396990041586,76,57,62,34,17,52,17,29,0
train_day_0435,train,57.729651162790695,15.33178200383753,5.941860465116279,2.2892806383218143,37,69,49,33,43,9,41,49,14
train_day_0436,train,55.60174418604651,14.67263302030391,5.973837209302325,2.2955749488074253,34,58,51,51,41,35,28,28,18
train_day_0437,train,55.25,14.954242223032109,6.494186046511628,2.6125748971644187,57,30,84,15,67,32,27,26,6
train_day_0438,train,54.281976744186046,12.64263369674835,5.6395348837209305,2.188302892907814,63,54,43,45,59,22,32,6,20
train_day_0439,train,58.34011627906977,13.56243169475339,5.930232558139535,2.5001892843432114,52,62,59,45,40,30,34,0,22
train_day_0440,train,57.0406976744186,11.163873191215021,5.7063953488372094,2.3497562529654985,58,35,38,31,53,45,34,21,29
train_day_0441,train,55.29360465116279,13.565018486584297,5.921511627906977,2.3120518509524604,56,44,60,62,26,30,26,24,16
train_day_0442,train,56.81395348837209,13.795231420723795,5.625,2.2520178290425634,49,27,46,42,70,45,26,10,29
train_day_0443,train,57.54360465116279,12.280555855610489,5.642441860465116,2.2932030184501975,37,58,46,50,35,38,36,10,34
train_day_0444,train,55.598837209302324,13.596194698364124,6.558139534883721,2.77176231053664,42,39,74,27,61,36,19,26,20
train_day_0445,train,56.47674418604651,15.012379964228629,5.866279069767442,2.553980498601417,38,62,37,59,34,12,63,2,37
train_day_0446,train,54.075581395348834,12.899886749516506,5.526162790697675,2.3623528223404984,67,36,59,26,13,55,35,27,26
train_day_0447,train,58.627906976744185,14.066533358846192,5.6104651162790695,2.336392024178218,55,55,34,47,46,26,60,6,15
train_day_0448,train,57.16860465116279,12.529061673768497,5.488372093023256,2.3451790532450483,80,36,16,44,55,23,49,24,17
train_day_0449,train,55.20348837209303,12.215096908433551,5.7645348837209305,2.503443747644499,73,38,41,26,60,37,30,16,23
train_day_0450,train,55.0,12.863098472980038,5.747093023255814,2.3121249494878837,37,50,44,40,69,29,16,29,30
train_day_0451,train,50.7906976744186,14.126394789393666,5.476744186046512,1.9587415524879597,47,57,45,35,34,46,38,19,23
train_day_0452,train,55.866279069767444,14.298707946712382,6.020348837209302,2.5144105359763507,39,80,31,69,52,16,11,29,17
train_day_0453,train,54.33720930232558,13.635291474968746,5.840116279069767,2.5082459330970286,60,71,35,67,37,14,16,27,17
train_day_0454,train,56.95348837209303,14.868342345746882,5.72093023255814,2.2958565447784998,53,59,68,27,44,24,28,25,16
train_day_0455,train,52.93023255813954,12.110000381843193,5.430232558139535,2.1146812265924995,83,69,78,31,23,21,15,18,6
train_day_0456,train,55.31104651162791,13.089108514162112,5.950581395348837,2.4329137735278064,61,57,66,30,49,32,25,0,24
train_day_0457,train,54.758720930232556,12.237353918315842,5.915697674418604,2.6084362421821767,56,39,54,22,58,27,59,16,13
train_day_0458,train,56.20639534883721,14.071076421427495,5.421511627906977,2.18469891355492,79,37,67,39,4,38,10,49,21
train_day_0459,train,55.151162790697676,13.742454540126836,5.941860465116279,2.430927907643072,50,36,52,48,43,20,38,37,20
train_day_0460,train,54.25581395348837,13.213529048625695,6.101744186046512,2.5571598943470266,43,36,68,48,37,19,42,36,15
train_day_0461,train,52.55232558139535,11.68395069717417,5.921511627906977,2.4806699289458924,97,51,71,26,15,37,21,21,5
train_day_0462,train,52.604651162790695,11.830959651425637,5.561046511627907,2.3788787319013305,65,56,35,70,20,34,13,32,19
train_day_0463,train,50.70348837209303,13.182722551801344,5.549418604651163,2.2652325999214495,50,68,45,27,28,34,35,38,19
train_day_0464,train,57.84011627906977,13.114678266468866,6.174418604651163,2.655366923645158,56,41,53,22,63,42,21,36,10
train_day_0465,train,55.32848837209303,12.1750651607484,5.395348837209302,2.0785676517649754,75,43,61,22,21,43,24,46,9
train_day_0466,train,56.21511627906977,13.64841772447737,5.869186046511628,2.4678828677851845,50,50,52,38,56,26,27,31,14
train_day_0467,train,57.348837209302324,12.659923437312544,5.941860465116279,2.3899238635473874,81,25,52,17,65,31,32,20,21
train_day_0468,train,52.651162790697676,10.941458856282912,5.895348837209302,2.531334190755805,65,66,46,53,34,38,2,24,16
train_day_0469,train,51.48546511627907,13.153601430696474,5.386627906976744,2.1871576066736718,84,52,57,43,17,49,20,3,19
train_day_0470,train,55.77325581395349,13.779652377046151,5.834302325581396,2.37939020949998,47,40,64,49,32,19,34,44,15
train_day_0471,train,52.26744186046512,11.231107566791993,5.328488372093023,2.0129528336078586,63,57,66,26,11,29,37,35,20
train_day_0472,train,55.854651162790695,13.407383916445585,5.340116279069767,2.1358011373035377,56,51,34,29,13,87,28,26,20
train_day_0473,train,57.71511627906977,13.514428271225796,5.811046511627907,2.2533682948544547,56,34,50,25,36,56,28,23,36
train_day_0474,train,55.72674418604651,13.975301506242117,5.973837209302325,2.5579132431624223,48,16,58,45,58,38,36,25,20
train_day_0475,train,56.075581395348834,13.627950382897776,5.494186046511628,2.2631966819524654,55,80,28,59,41,20,16,28,17
train_day_0476,train,56.18895348837209,14.32256290637744,5.848837209302325,2.3834089415795847,61,61,53,23,56,25,38,0,27
train_day_0477,train,56.77906976744186,12.942539525426435,5.424418604651163,1.9380184105559646,17,51,68,64,38,51,30,2,23
train_day_0478,train,52.906976744186046,17.0627282552084,5.9476744186046515,2.578453960075555,42,47,41,80,44,20,33,26,11
train_day_0479,train,54.776162790697676,15.731002249934766,5.816860465116279,2.384215419498944,33,67,57,44,45,12,44,35,7
train_day_0480,train,53.372093023255815,13.810214042451458,5.537790697674419,2.30236779089802,87,36,53,20,13,57,28,38,12
train_day_0481,train,50.81686046511628,13.96085288938805,5.796511627906977,2.419491954859994,52,48,41,37,35,59,25,39,8
train_day_0482,train,58.348837209302324,13.848236762801807,5.90406976744186,2.6686347340858982,59,69,45,62,26,14,23,36,10
train_day_0483,train,51.354651162790695,12.519836882962453,5.6395348837209305,2.324854537573512,89,43,52,29,28,58,30,2,13
train_day_0484,train,57.23837209302326,12.944925095264626,5.531976744186046,2.04146568401089,62,61,56,12,25,52,30,28,18
train_day_0485,train,55.63662790697674,13.451633696101931,5.959302325581396,2.321180428794334,70,45,56,33,53,30,16,23,18
train_day_0486,train,54.325581395348834,12.804606602444872,6.090116279069767,2.5082459330970286,64,28,56,54,41,29,23,33,16
train_day_0487,train,54.42732558139535,12.676450325208755,5.941860465116279,2.5190190558600047,63,33,50,60,53,29,14,24,18
train_day_0488,train,54.94767441860465,15.170835137780573,5.584302325581396,2.1455438084971927,44,62,49,42,50,20,39,24,14
train_day_0489,train,54.9593023255814,11.648114708288052,6.316860465116279,2.7089763627647967,54,63,51,36,16,41,19,23,41
train_day_0490,train,58.35755813953488,12.676316998322841,5.799418604651163,2.310969722287223,47,53,45,34,43,27,22,27,46
train_day_0491,train,56.16860465116279,14.14133609052181,5.898255813953488,2.3596899145224053,58,42,39,62,37,32,31,35,8
train_day_0492,train,53.991279069767444,13.51172766194213,5.6104651162790695,2.1645950837720442,45,33,39,60,54,37,40,22,14
train_day_0493,train,56.28779069767442,12.596431379207218,5.636627906976744,2.3769597106804197,99,51,72,32,17,22,8,27,16
train_day_0494,train,53.79360465116279,13.976136839626976,5.75,2.2660923234953714,40,59,41,47,60,18,50,9,20
train_day_0495,train,54.325581395348834,11.679281855575686,5.840116279069767,2.486128022572191,45,66,55,31,31,31,30,27,28
train_day_0496,train,60.23837209302326,13.205272630918895,5.546511627906977,2.2173049676650782,40,53,40,48,54,19,67,8,15
train_day_0497,train,54.258720930232556,15.960705184667987,5.857558139534884,2.558626737432312,44,62,53,55,49,13,38,29,1
train_day_0498,train,50.71511627906977,14.304829380007662,5.723837209302325,2.3825702696412248,46,65,51,36,36,38,23,39,10
train_day_0499,train,56.91860465116279,13.52814904773202,5.761627906976744,2.1636891732157295,53,40,54,21,39,55,37,23,22
train_day_0500,train,54.85755813953488,11.131614880657297,5.8226744186046515,2.435316189021126,80,61,35,39,3,45,18,31,32
val_day_0001,val,55.854651162790695,14.01647002119495,5.9563953488372094,2.534842049476125,37,54,42,59,47,16,22,49,18
val_day_0002,val,57.69186046511628,14.029799805598838,6.142441860465116,2.5380936977804462,52,43,82,40,53,26,23,8,17
val_day_0003,val,56.700581395348834,14.263524781654189,5.909883720930233,2.4436714629911522,49,49,78,43,56,20,27,7,15
val_day_0004,val,57.781976744186046,13.94910269013474,5.886627906976744,2.5736694961669557,43,27,33,43,63,33,49,19,34
val_day_0005,val,54.627906976744185,13.58397355267297,6.366279069767442,2.606927732253012,30,42,40,64,63,19,52,17,17
val_day_0006,val,54.247093023255815,13.762309193597705,5.674418604651163,2.250022534590597,72,77,36,17,44,34,18,35,11
val_day_0007,val,56.86337209302326,14.208842899264013,5.959302325581396,2.656404192546879,54,49,37,40,43,24,36,42,19
val_day_0008,val,55.93604651162791,14.467344244408121,6.174418604651163,2.5809762911479486,37,46,39,48,78,23,32,22,19
val_day_0009,val,56.13662790697674,14.446028110310195,6.180232558139535,2.608586883220887,40,54,45,55,54,28,28,20,20
val_day_0010,val,56.627906976744185,13.972395136547341,5.921511627906977,2.494692513765351,29,39,41,45,74,24,53,11,28
val_day_0011,val,52.48546511627907,11.841482971727542,5.65406976744186,2.3500583258011676,83,38,94,40,28,10,19,15,17
val_day_0012,val,53.343023255813954,12.124778019523283,5.604651162790698,2.2659207778154684,99,34,89,28,27,17,14,17,19
val_day_0013,val,55.36337209302326,13.186010302542469,5.520348837209302,2.21507622194142,75,67,50,29,22,57,16,14,14
val_day_0014,val,53.07267441860465,13.905744080374859,5.72093023255814,2.2626962861826145,36,59,46,55,33,22,31,52,10
val_day_0015,val,55.35755813953488,13.81364975734917,5.924418604651163,2.3203065177682998,53,76,39,22,55,32,23,22,22
val_day_0016,val,56.008720930232556,13.527209211868312,6.002906976744186,2.398520070007836,68,48,29,17,46,49,29,31,27
val_day_0017,val,55.53488372093023,13.652410703232414,5.683139534883721,2.4139024477061297,72,58,45,26,25,57,21,19,21
val_day_0018,val,54.5,13.404051799779154,5.941860465116279,2.2752697318390713,68,43,50,46,36,27,7,33,34
val_day_0019,val,57.127906976744185,13.980506787590295,5.854651162790698,2.5281741263600344,58,55,59,36,45,24,35,20,12
val_day_0020,val,54.68313953488372,14.365096407420435,6.174418604651163,2.6432971854894896,38,49,53,60,51,27,31,18,17
val_day_0021,val,56.60174418604651,14.27801600867087,5.9854651162790695,2.5896301060175424,32,42,27,58,66,24,46,18,31
val_day_0022,val,58.18604651162791,14.551241957629065,5.671511627906977,2.4135523454616425,65,56,42,40,45,24,40,23,9
val_day_0023,val,56.645348837209305,13.753301142641103,5.7645348837209305,2.5391855299997026,67,64,38,29,26,48,15,21,36
val_day_0024,val,57.145348837209305,15.167929424211055,5.6976744186046515,2.4235749466240426,41,58,44,48,52,13,27,40,21
val_day_0025,val,55.122093023255815,13.693581089733764,5.5813953488372094,2.4146602451511163,52,48,45,60,40,9,35,38,17
val_day_0026,val,55.616279069767444,13.758015511178964,5.84593023255814,2.4712499793118425,71,54,38,30,30,58,13,24,26
val_day_0027,val,56.58720930232558,14.677084626799665,6.343023255813954,2.7287888401895244,40,56,39,54,53,24,41,19,18
val_day_0028,val,53.56686046511628,12.63122540609579,5.712209302325581,2.4390886122726494,96,39,83,39,24,17,19,15,12
val_day_0029,val,52.82848837209303,12.41165066111618,5.482558139534884,2.3051354124813597,99,39,75,49,15,9,23,17,18
val_day_0030,val,52.34011627906977,12.920958996213402,5.944767441860465,2.419608956847417,70,23,73,34,29,59,25,13,18
val_day_0031,val,51.79651162790697,12.53828506943525,5.901162790697675,2.306865092478218,67,18,74,45,30,58,25,6,21
val_day_0032,val,55.96511627906977,13.822544505784244,5.665697674418604,2.18514756071246,61,73,37,19,53,39,16,28,18
val_day_0033,val,56.741279069767444,14.055534976665228,5.982558139534884,2.3252252634292363,58,76,35,24,56,42,17,23,13
val_day_0034,val,57.0406976744186,14.946360511392271,5.732558139534884,2.260244988803314,69,69,32,17,42,35,32,23,25
val_day_0035,val,55.94186046511628,13.888555311179518,5.627906976744186,2.309215670872361,40,48,41,51,44,17,34,53,16
val_day_0036,val,52.64244186046512,13.824798702100386,5.8023255813953485,2.3812238764573794,90,27,70,30,26,50,21,10,20
val_day_0037,val,56.26162790697674,14.83185343845085,5.959302325581396,2.3299305263111285,51,63,39,18,52,37,36,33,15
val_day_0038,val,57.72093023255814,14.618522149394645,5.840116279069767,2.5598682715863577,42,65,33,32,54,15,46,34,23
val_day_0039,val,56.075581395348834,13.602115396754677,5.805232558139535,2.229526087271393,59,59,39,19,54,52,27,17,18
val_day_0040,val,57.17732558139535,14.876837695700969,6.229651162790698,2.640723979163017,43,24,33,38,76,23,57,21,29
val_day_0041,val,56.98837209302326,14.646409343325226,5.840116279069767,2.543920246202172,48,46,36,41,49,13,47,36,28
val_day_0042,val,57.075581395348834,14.19916830226098,5.936046511627907,2.5487075060361555,54,55,37,42,59,41,27,17,12
val_day_0043,val,54.53488372093023,14.258369777341636,6.0145348837209305,2.4559652850440017,88,53,37,43,43,25,5,21,29
val_day_0044,val,57.21511627906977,13.9465426026623,6.0145348837209305,2.6407623797792836,65,51,43,30,64,18,36,25,12
val_day_0045,val,56.645348837209305,14.20271966239372,5.991279069767442,2.4818959821688966,63,49,48,38,41,28,38,21,18
val_day_0046,val,54.450581395348834,13.871834426623389,6.261627906976744,2.5972108745080864,60,39,52,56,29,26,8,28,46
val_day_0047,val,56.67151162790697,14.45903202214127,5.72093023255814,2.210709466205298,56,90,30,26,36,37,34,16,19
val_day_0048,val,58.93313953488372,13.384894971539175,6.104651162790698,2.6818904724502786,54,49,59,41,57,27,34,8,15
val_day_0049,val,56.51453488372093,13.722109909378446,5.941860465116279,2.515554639303371,57,41,54,40,41,37,31,27,16
val_day_0050,val,54.729651162790695,13.276121416976896,6.171511627906977,2.545447837164466,91,34,35,46,39,36,4,24,35
val_day_0051,val,58.008720930232556,14.989431726395084,5.656976744186046,2.504370166267704,45,47,48,50,39,17,45,39,14
val_day_0052,val,53.92732558139535,13.133171115353653,5.866279069767442,2.377125020687917,68,29,64,41,29,44,21,17,31
val_day_0053,val,55.656976744186046,14.614575718031086,5.799418604651163,2.5134289811679182,41,42,39,39,51,12,46,50,24
val_day_0054,val,54.67732558139535,14.35059182998182,6.424418604651163,2.717318961108183,36,60,41,40,67,25,32,25,18
val_day_0055,val,52.633720930232556,11.452105630144201,5.662790697674419,2.397239037456249,75,35,98,49,19,9,24,20,15
val_day_0056,val,57.55813953488372,14.833850862887576,6.075581395348837,2.6501617347095974,47,49,23,49,54,22,37,42,21
val_day_0057,val,56.348837209302324,14.255979929987165,5.968023255813954,2.329442652057914,63,88,35,17,50,24,21,20,26
val_day_0058,val,56.93604651162791,14.30488136551847,5.880813953488372,2.5472930069116733,54,57,61,33,40,24,38,20,17
val_day_0059,val,53.0406976744186,11.233182550413966,5.7063953488372094,2.4168413043083583,96,28,88,28,27,16,24,16,21
val_day_0060,val,57.0843023255814,13.376323585080666,6.174418604651163,2.680428031009471,38,28,36,51,71,31,37,17,35
test_day_0001,test,56.39244186046512,15.18720586363055,5.351744186046512,2.026308759881666,52,64,36,38,31,41,31,19,32
test_day_0002,test,54.247093023255815,13.241056337952612,6.063953488372093,2.4367540738534363,32,76,47,41,47,26,31,28,16
test_day_0003,test,55.59011627906977,13.212617999665465,5.5436046511627906,2.1750073043398856,55,36,46,24,72,38,25,18,30
test_day_0004,test,56.348837209302324,14.196722060129549,5.6395348837209305,2.375567450926074,55,53,59,35,54,37,19,12,20
test_day_0005,test,54.68604651162791,14.62536950668731,5.392441860465116,1.9810294693031958,44,51,34,32,58,54,19,20,32
test_day_0006,test,55.39825581395349,13.487336756074884,5.840116279069767,2.5301705035781388,64,55,69,28,53,39,21,2,13
test_day_0007,test,56.64825581395349,13.877206398368921,5.273255813953488,1.8988322248898535,43,46,43,43,30,50,23,24,42
test_day_0008,test,54.13662790697674,12.99581534710175,5.4476744186046515,2.109680166666185,74,43,20,49,11,76,17,10,44
test_day_0009,test,54.90406976744186,13.955893385275592,5.933139534883721,2.4241170829175736,27,73,41,49,52,26,33,24,19
test_day_0010,test,56.86918604651163,14.964406740827433,5.857558139534884,2.6125926871491805,73,54,47,33,52,35,19,17,14
test_day_0011,test,54.48837209302326,13.957363802905729,5.9186046511627906,2.435040309484748,32,88,31,54,40,20,34,28,17
test_day_0012,test,55.51744186046512,15.149823023453727,5.313953488372093,1.9693088618054573,50,55,52,48,38,30,16,28,27
test_day_0013,test,56.49418604651163,13.078029282689156,5.933139534883721,2.6078271101328725,50,63,45,55,24,19,36,38,14
test_day_0014,test,53.241279069767444,13.719254615364123,5.337209302325581,2.0551153711533265,66,59,25,48,42,36,19,15,34
test_day_0015,test,56.18023255813954,14.329472959420173,6.017441860465116,2.7236557111107684,72,52,48,31,58,23,20,17,23
test_day_0016,test,56.61046511627907,13.086452510843058,5.386627906976744,2.268066029177628,64,79,34,52,28,21,35,18,13
test_day_0017,test,53.2906976744186,12.625294174854798,5.3895348837209305,1.9720446873190087,80,47,16,29,15,84,21,8,44
test_day_0018,test,54.11918604651163,11.83315618860798,5.537790697674419,1.8920801283260944,67,56,41,19,3,36,54,37,31
test_day_0019,test,54.33139534883721,14.266995264138664,5.941860465116279,2.416535340171432,34,75,44,51,45,19,38,23,15
test_day_0020,test,55.116279069767444,12.672226181189963,5.537790697674419,2.3324734357084456,68,68,35,64,29,11,26,31,12
test_day_0021,test,54.877906976744185,13.219839751718403,5.8313953488372094,2.6753726811855914,63,73,35,51,33,14,26,28,21
test_day_0022,test,54.950581395348834,12.358285033300739,5.511627906976744,2.288719485826648,79,68,43,47,27,10,37,27,6
test_day_0023,test,56.61046511627907,15.500544094499629,5.366279069767442,2.082491266634374,55,42,40,39,41,35,25,30,37
test_day_0024,test,56.7093023255814,13.826050806669244,5.680232558139535,2.527077536631844,59,53,64,26,59,35,28,2,18
test_day_0025,test,55.43604651162791,14.715182894743226,5.415697674418604,2.0271093181348188,46,60,44,40,37,41,16,31,29
test_day_0026,test,56.33720930232558,12.444631293291094,5.77906976744186,2.57063544216753,49,74,40,63,19,22,26,34,17
test_day_0027,test,53.57267441860465,12.685390692979526,5.401162790697675,2.0662286837373998,99,35,42,25,14,57,56,0,16
test_day_0028,test,53.66860465116279,13.55181925166307,5.4854651162790695,2.0473517534296586,86,47,49,27,6,65,47,0,17
test_day_0029,test,55.6656976744186,12.61834158202623,6.377906976744186,2.5305528931115124,14,71,48,45,60,35,25,14,32
test_day_0030,test,54.31104651162791,12.751620738672907,5.5,2.367414446773251,71,68,45,41,30,15,39,23,12
test_day_0031,test,54.67151162790697,12.664485319690472,5.5,2.3735460665916213,58,70,37,55,33,14,34,26,17
test_day_0032,test,55.18313953488372,13.233531034145528,5.479651162790698,2.1348830084358137,55,40,40,36,54,48,22,18,31
test_day_0033,test,53.31395348837209,14.313566201096966,5.337209302325581,1.9816628272346686,67,66,19,45,47,36,12,12,40
test_day_0034,test,56.92732558139535,13.199848389229624,6.180232558139535,2.500479943114264,24,71,42,42,48,30,32,32,23
test_day_0035,test,53.51453488372093,11.175389193261957,5.726744186046512,2.0089291616230986,65,65,46,31,4,24,38,32,39
test_day_0036,test,54.96220930232558,14.061380055758098,5.191860465116279,1.8070736408128791,55,41,36,31,63,38,29,17,34
test_day_0037,test,55.872093023255815,13.295869713305976,5.604651162790698,2.490816013517723,76,40,53,30,71,40,23,0,11
test_day_0038,test,55.29360465116279,14.955685114331878,5.651162790697675,2.2205040380061267,43,95,34,47,44,14,32,24,11
test_day_0039,test,55.17732558139535,13.307213372122881,5.52906976744186,2.4110388709004607,72,51,52,39,54,36,25,3,12
test_day_0040,test,56.997093023255815,13.108336275881056,6.4476744186046515,2.612057317303829,25,58,43,57,56,19,32,31,23
test_day_0041,test,55.622093023255815,14.457121051842437,6.183139534883721,2.848634010313726,58,61,53,36,44,33,22,22,15
test_day_0042,test,54.04360465116279,13.956571546482015,5.270348837209302,1.9867713364725395,63,51,13,53,14,66,25,12,47
test_day_0043,test,56.07848837209303,13.306634209823716,5.747093023255814,2.257414844915384,34,72,38,47,48,26,35,28,16
test_day_0044,test,54.92151162790697,13.712674583268173,5.261627906976744,1.9111465330657165,54,36,36,38,47,53,29,16,35
test_day_0045,test,53.39244186046512,14.976922203459571,5.375,1.8867846711664893,66,43,19,55,10,55,27,18,51
test_day_0046,test,57.89244186046512,14.091171195653839,5.712209302325581,2.5280454354371082,42,70,42,53,29,23,32,35,18
test_day_0047,test,56.41279069767442,13.627454304332034,5.761627906976744,2.5690767776486862,57,38,63,38,59,33,23,7,26
test_day_0048,test,55.20639534883721,14.128803864248276,6.063953488372093,2.759019576061845,54,50,61,26,58,33,24,20,18
test_day_0049,test,53.883720930232556,14.270573565053665,5.273255813953488,2.085605395272984,60,58,23,47,47,42,19,13,35
test_day_0050,test,57.258720930232556,13.966735172803856,5.674418604651163,2.511331808558384,38,72,48,50,33,26,34,26,17
test_day_0051,test,54.51453488372093,13.134360153586925,5.508720930232558,2.1660527256953275,45,41,37,38,71,39,22,19,32
test_day_0052,test,54.843023255813954,13.01492024560501,5.636627906976744,2.342465958882546,58,47,56,29,66,40,18,10,20
test_day_0053,test,53.93604651162791,11.957360414859957,5.593023255813954,1.9191683456627902,74,63,32,23,5,33,43,40,31
test_day_0054,test,56.06976744186046,14.60271613606756,5.747093023255814,2.3655700754880096,30,89,34,50,45,24,32,27,13
test_day_0055,test,55.520348837209305,13.371465796715452,6.3023255813953485,2.72827472292733,29,81,42,38,50,18,42,22,22
test_day_0056,test,54.06976744186046,12.301248469135361,5.494186046511628,2.047395092077031,75,40,44,35,11,55,65,0,19
test_day_0057,test,54.901162790697676,12.840778015496827,5.607558139534884,2.487188305139851,51,71,40,52,30,15,27,35,23
test_day_0058,test,55.473837209302324,14.150536654184044,5.700581395348837,2.2152745930120186,29,95,28,54,43,15,34,25,21
test_day_0059,test,54.68313953488372,13.109607497860942,5.296511627906977,2.0243832063480127,80,52,35,40,8,58,58,0,13
test_day_0060,test,55.616279069767444,13.39812430871902,5.3895348837209305,2.0501009090177047,52,44,47,23,70,34,24,16,34
test_day_0061,test,54.13081395348837,12.422447022835483,6.180232558139535,2.600774471747494,34,77,40,40,61,17,34,20,21
test_day_0062,test,55.96511627906977,14.537799707497568,5.72093023255814,2.5318949737149845,50,46,68,30,59,35,21,8,27
test_day_0063,test,51.80232558139535,13.216726336607998,5.363372093023256,2.1196605204635715,58,67,36,33,39,35,26,12,38
test_day_0064,test,53.44186046511628,14.957190579351511,5.3895348837209305,2.082458803287061,71,50,17,41,9,71,22,22,41
test_day_0065,test,56.223837209302324,13.105316307071071,6.369186046511628,2.6303867056386694,26,67,42,53,51,35,20,23,27
test_day_0066,test,55.348837209302324,13.706446829664843,5.741279069767442,2.5517742557586525,69,52,69,26,49,45,17,2,15
test_day_0067,test,54.30523255813954,14.09755778179444,5.267441860465116,1.989357840790042,67,42,25,54,40,34,12,15,55
test_day_0068,test,55.46511627906977,13.428490776009152,6.101744186046512,2.7960930765442615,79,52,50,23,57,33,22,9,19
test_day_0069,test,54.31686046511628,11.62326033611031,5.488372093023256,1.9985121561529138,68,52,50,18,4,27,45,43,37
test_day_0070,test,54.66279069767442,14.320752923817578,6.241279069767442,2.8124380288827897,84,38,51,37,53,30,21,17,13
test_day_0071,test,55.002906976744185,13.733234714936344,5.758720930232558,2.58853343434554,63,50,76,20,54,41,18,5,17
test_day_0072,test,57.35755813953488,13.967468469005624,5.941860465116279,2.6451124351307835,47,79,53,53,17,17,32,32,14
test_day_0073,test,55.17151162790697,13.2354440465868,5.732558139534884,2.587646944955218,44,92,37,54,32,15,27,25,18
test_day_0074,test,55.05813953488372,12.812017116175781,5.468023255813954,2.4085894355881012,60,78,41,47,36,14,31,20,17
test_day_0075,test,56.55523255813954,13.71607342845444,5.59593023255814,2.433316656052162,51,34,60,42,60,32,27,12,26
test_day_0076,test,53.94186046511628,14.402522914618515,5.313953488372093,1.9752045988046387,48,42,40,24,67,46,30,15,32
test_day_0077,test,57.53488372093023,12.526667065791157,6.241279069767442,2.501728377663818,25,72,54,45,52,25,26,21,24
test_day_0078,test,55.7093023255814,14.292310730769826,5.337209302325581,2.1012757205723753,54,38,45,25,57,43,23,18,41
test_day_0079,test,54.40406976744186,13.075455692882288,5.8313953488372094,2.389549029551294,29,76,41,48,47,20,33,38,12
test_day_0080,test,54.6656976744186,14.99016685765129,5.590116279069767,2.1802538758647727,38,81,35,52,40,21,43,21,13
test_day_0081,test,56.47093023255814,13.998308587851389,5.656976744186046,2.5032091355304997,50,65,30,70,25,21,32,37,14
test_day_0082,test,54.39825581395349,14.377432954222527,5.377906976744186,2.028053320407637,47,42,43,26,52,48,25,23,38
test_day_0083,test,54.020348837209305,13.24663818235127,5.72093023255814,2.451393352203095,70,54,53,29,56,42,21,3,16
test_day_0084,test,56.877906976744185,14.244018746051212,5.476744186046512,2.1060640253195695,46,31,41,29,71,40,36,17,33
test_day_0085,test,57.45639534883721,13.734329964167511,5.976744186046512,2.629115795242153,58,44,56,37,64,35,17,7,26
test_day_0086,test,52.997093023255815,13.29200199860358,5.459302325581396,2.058328397588726,77,40,23,41,16,75,15,15,42
test_day_0087,test,54.741279069767444,13.139676051412895,5.909883720930233,2.6699263965928655,71,57,56,21,58,35,18,3,25
test_day_0088,test,55.68895348837209,12.439121288889226,5.526162790697675,2.4062446223943055,68,59,39,53,39,14,35,21,16
test_day_0089,test,53.59593023255814,13.596856928007806,5.549418604651163,2.128953151773088,57,50,15,55,11,82,20,11,43
test_day_0090,test,55.22674418604651,14.239879510355518,5.212209302325581,1.7926762513736405,44,61,39,27,45,54,16,16,42
test_day_0091,test,55.0406976744186,13.803587989132229,5.9273255813953485,2.4239497483175776,23,82,33,55,48,27,30,27,19
test_day_0092,test,57.299418604651166,14.907677111853536,5.433139534883721,2.227250762099814,43,60,48,42,39,32,28,24,28
test_day_0093,test,55.27906976744186,14.350391910044712,5.747093023255814,2.2893821479284866,36,84,34,48,48,19,31,25,19
test_day_0094,test,57.31976744186046,14.532124156641942,5.9186046511627906,2.683780379011864,66,59,36,35,58,37,20,13,20
test_day_0095,test,53.81104651162791,12.881697628361502,5.482558139534884,2.015849515682063,86,36,22,45,16,72,19,14,34
test_day_0096,test,53.66279069767442,11.178114482093891,5.6104651162790695,2.0027614116611443,61,59,42,29,7,27,41,45,33
test_day_0097,test,54.60755813953488,13.686270954572272,5.3895348837209305,2.030152306679972,98,57,26,27,10,52,54,0,20
test_day_0098,test,54.73255813953488,13.905766261389095,5.938953488372093,2.45524949192625,24,70,53,49,42,21,46,27,12
test_day_0099,test,56.16860465116279,13.307435949174195,5.412790697674419,2.28708693114432,69,75,25,53,23,15,31,37,16
test_day_0100,test,55.59593023255814,12.555323421867342,5.59593023255814,2.4368979890602707,77,70,35,43,29,5,34,40,11
test_day_0101,test,57.01453488372093,12.76064618515601,6.09593023255814,2.4493914184372203,23,67,34,55,55,22,30,30,28
test_day_0102,test,53.40406976744186,14.247891959776299,5.337209302325581,2.1959818756203346,53,59,24,46,48,41,16,11,46
test_day_0103,test,56.89825581395349,12.821838083579747,5.968023255813954,2.625151300077079,50,71,53,44,29,19,32,36,10
test_day_0104,test,54.36337209302326,11.194576459936336,5.433139534883721,1.9458230527524953,66,47,33,22,6,27,52,59,32
test_day_0105,test,55.25581395348837,13.272139070258056,5.468023255813954,2.093489531395803,74,54,34,37,11,53,65,0,16
test_day_0106,test,57.07848837209303,14.822484571682704,5.270348837209302,1.949849098320067,37,44,40,49,41,43,30,20,40
test_day_0107,test,55.825581395348834,13.291185976502604,5.627906976744186,2.5025406235947547,63,63,39,50,33,16,37,37,6
test_day_0108,test,57.69476744186046,15.101107939235067,5.055232558139535,1.8331179606191792,37,41,50,51,33,42,38,19,33
test_day_0109,test,54.901162790697676,14.182432583896002,5.276162790697675,1.9756986804228953,45,52,37,23,53,54,29,21,30
test_day_0110,test,55.354651162790695,14.189614257804521,6.087209302325581,2.79502450426617,69,55,60,33,46,31,18,16,16
test_day_0111,test,55.68023255813954,14.71283508454392,5.465116279069767,2.1631032532344814,48,51,43,39,36,40,36,19,32
test_day_0112,test,53.91279069767442,14.826847871122231,5.7063953488372094,2.308569683426121,28,91,38,53,44,18,23,31,18
test_day_0113,test,54.32848837209303,11.150383351157563,5.5813953488372094,2.097701490053748,70,54,44,28,10,26,42,32,38
test_day_0114,test,54.68313953488372,13.809592028868405,5.6773255813953485,2.2536682884714585,26,73,47,64,49,20,27,20,18
test_day_0115,test,55.31395348837209,12.525566067055104,6.395348837209302,2.5802427764242157,21,70,44,47,64,15,24,33,26
test_day_0116,test,54.145348837209305,13.825188984592868,5.229651162790698,1.8761489178723345,43,43,45,28,52,60,14,19,40
test_day_0117,test,56.06395348837209,14.021432206237556,5.773255813953488,2.5371163093396722,62,40,60,36,50,42,21,16,17
test_day_0118,test,53.92732558139535,13.930181297708225,5.5813953488372094,2.205780546755158,61,49,18,53,15,68,22,13,45
test_day_0119,test,55.39825581395349,13.849107828863543,6.369186046511628,2.7237720574968547,22,76,49,32,56,24,37,23,25
test_day_0120,test,55.375,13.0130329348231,5.770348837209302,2.358099327096324,40,81,35,44,45,24,33,32,10
